point_res_7,count
609312407579262975,2691
608845295576416255,4636
608803206155206655,554
608819087518203903,1625
608819012524048383,2500
608818970664894463,3254
608818994119442431,1254
608819044618862591,415
608803237226610687,1637
608801857183154175,451
608819059584139263,825
608818986150264831,713
608819012473716735,1355
608801787524153343,14908
608802239217139711,603
608801865001336831,91
608819087652421631,5860
608803218016698367,469
608818998984835071,29473
609313406343708671,14
608845295542861823,167
608801859984949247,1057
608797064016429055,5060
608819072452263935,594
608802707905445887,1109
608802636317065215,2587
608801860706369535,346
608801840221388799,1486
608802373116100607,168
608802629522292735,1908
608819012641488895,51678
608802635729862655,518
608798052228005887,433
608818977761656831,587
608819058040635391,53
608802386034556927,77
609312283494973439,767
608801792272105471,212
608798011358707711,982
608819001836961791,985
609312413619060735,1174
608803220080295935,703
608801857451589631,330
608845299468730367,2661
608818968500633599,1244
609312276448542719,1083
608801865554984959,22647
608819091779616767,1811
608803200484507647,1099
608819043226353663,365
608818973382803455,6509
608819005477617663,183
608818988247416831,359
608818977509998591,1198
608801840187834367,1002
608801813176516607,2210
608818858123329535,605
608801860689592319,449
608801860387602431,659
608802635595644927,322
609313410454126591,3
608801804603359231,1473
608845301012234239,1812
609312412058779647,71
608801794050490367,2253
608819073240793087,26
608802636149293055,1731
608801817001721855,4091
608818978164310015,992
608802661902319615,192
608803196709634047,123
608819091913834495,776
608801794419589119,8
608819077183438847,217
608803285830205439,685
608803197665935359,619
609312351274926079,63
608798052194451455,13238
608798193710268415,124
608818979842031615,1748
608801880218271743,1205
608801794285371391,12641
608819013463572479,2947452
608801862283427839,416
608844345533005823,521
609312283394310143,546
608802241079410687,1252
609312287353733119,80
608801856260407295,316
608802242757132287,82
608844285420240895,322
608801796684513279,1719
608818979305160703,1332
608803200065077247,285
609312411991670783,187
608818971151433727,1264
608802344141848575,2648
608845317923667967,20
608801794218262527,8141
608818994320769023,1315
608802239200362495,571
608801791366135807,3041
608798162890522623,205
608802244350967807,886
608801836530401279,3
608819074012545023,366
608801863122288639,37
608801844717682687,1321
608803205014355967,546
608801832889745407,672
608819012456939519,20492
608845302253748223,9
608819017422995455,565
608819005225959423,2187
608801843308396543,689
608818980446011391,3319
608819050323116031,140
608819011668410367,665
608818984824864767,479
608803201893793791,1053
608803201189150719,1936
608802630025609215,89
609313108699119615,1
608802693661589503,1165
608819083307122687,569
609312292135239679,67
608845333627142143,1747
608801858022014975,62
608845331110559743,794
608801806213971967,1096
608803211523915775,637
608802453629960191,23
608802241096187903,184
608802081762967551,430
609313167117385727,75592
608803220197736447,671
609313442280505343,7
608802797479002111,69
608803273868050431,48
608802661935874047,227
608802442087235583,67
608801861243240447,77
608819060053901311,1446
608802632441528319,1344
608801865353658367,9844
608818972191621119,553
608819080371109887,292
608819083642667007,688
608818980378902527,2817
608798167940464639,1080
608818995595837439,1323
608819048611839999,344
608801813344288767,2228
609312001671299071,9023
608801858508554239,631
608802648010784767,291
608802621184016383,49
608819013430018047,18240
608818972896264191,1443
608803205131796479,7065
608818980865441791,1851
608818982710935551,2896
608845300794130431,3106
608801833124626431,1245
608801836027084799,15
609312277086076927,2435
608801789554196479,1007
608819087702753279,1014
608801858290450431,1396
608798043906506751,164
608819090252890111,284
608819044753080319,193
608798029796868095,34
608798192183541759,84
608798021257265151,29
608801832453537791,1267
608802647591354367,288
609312284837150719,292
609312407747035135,249
608801871913549823,701
608798149133205503,13
608818976100712447,304
608818925534183423,358
608802797999095807,42
609312411891007487,356
608798008322031615,96
608797103409332223,193
608798045785554943,80
608798164366917631,250
608802372763779071,98
608845300894793727,147
608801881862438911,4
608798047983370239,62
608819059986792447,15
609312317284286463,56
609312122635026431,126
608819091544735743,213
608818910501797887,80
608801866611949567,640
608801861612339199,5277
608802239821119487,110
608819055658270719,403
608803209795862527,133
608798016408649727,353
608818982459277311,705
609312408250351615,219
608803200014745599,937
608798022549110783,133
608802764092342271,17
608818980311793663,433
608802690541027327,82
608801901776994303,1595
608803249272651775,11
608802372596006911,153
608818981570084863,888
608819080119451647,330
608801865487876095,2569
608819091024642047,425
608819020057018367,813
608802638078672895,36
608798172235431935,9
608803200434175999,132
608819050121789439,332
608798038957228031,538
608798053284970495,24
608819094245867519,145
609312317552721919,106
608802707821559807,52
608802635679531007,729
608801894076252159,171
608798010184302591,39
608802928290955263,113
608818928117874687,182
608802707670564863,35
608819019234934783,996
608798016626753535,4352
608798165876867071,42
609312391892566015,404
608802788670963711,45
608818974490099711,287
608819022036729855,499
608801790309171199,358
608802032706387967,9
608798162521423871,217
609312392127447039,369
608798179583852543,30
608801858911207423,803
608801901726662655,71
608803200400621567,61
608818981670748159,303
608803163289419775,91
608803193622626303,46
608802240022446079,32
608802455290904575,25
608801871460564991,283
608798159568633855,28
608802644470792191,613
608801789285761023,1094
608818985814720511,527
608818968735514623,10
608798146583068671,3
608803209242214399,709
609312276750532607,372
608801901827325951,140
609313167100608511,733
608797103140896767,3301
608801810559270911,268
608818976117489663,2032
608802371857809407,284
608798063368077311,77
608819087904079871,12
609313450098687999,262
608802706865258495,105
608802212189044735,251
608797097973514239,52
608803201726021631,293
609312379913633791,158
608803219258212351,67
608819055725379583,103
608818980966105087,27
608802686548049919,335
608796164153671679,26
608818978399191039,237
608803202229338111,61
609312378118471679,68
608802639269855231,184
608802655375982591,126
608844352696877055,140
608802032840605695,381
608819084682854399,1099
608801839768403967,409
608797101194739711,23
608796200660893695,18
608803214141161471,520
608796055303094271,107
608802238579605503,812
609312345486786559,25
608801789168320511,112
609313448135753727,128
608797100674646015,47
608845313796472831,117
609312375836770303,87
608802640494591999,67
608802378451255295,361
608819080656322559,139
609312425883205631,76
608796167576223743,15
608803204813029375,228
608803289152094207,432
608799904734642175,18
608818976889241599,646
608819071395299327,194
608802636082184191,118
608801887264702463,31
609312430161395711,51
608802641182457855,99
608819014184992767,984
608845297858117631,66
608819020090572799,203
609312411035369471,786
608801811683344383,547
608802641165680639,74
608803005449371647,7649
608844352831094783,75
608802372159799295,36
608818928184983551,688
609312293695520767,109
608801931673993215,67
608818979103834111,128
609312373387296767,63
608844352747208703,476
608795760158310399,336
608844348620013567,16
608818972594274303,114
608802372059135999,104
608803217932812287,420
608802342766116863,70
609312390382616575,466
608803219912523775,1610
608797068328173567,31
608802220728647679,92
609312407763812351,15
608802725957730303,7
608845297237360639,264
609312345839108095,17
608802363049771007,25
608819021667631103,302
608801841764892671,121
609312395818434559,19
608819094648520703,174
609312305204690943,98
608798022129680383,442
608819004823306239,855
608802369777434623,68
608818968886509567,678
608801901458227199,134
608798149334532095,98
609312262825443327,45
608798155726651391,23
608801860555374591,241
608802015442632703,134
608818967225565183,250
608803201910571007,134
608818977694547967,489
608819092031275007,331
608819050994204671,405
608801869782843391,1746
609312238498480127,71
608819092534591487,408
608819039703138303,168
608801810341167103,117
608797280325074943,8
608797014288760831,111
608802938474725375,54
608802667103256575,59
608803191223484415,63
608818998045310975,228
608818979087056895,404
608803234156380159,65
608802657238253567,16
609312392211333119,20
608819070707433471,132
608796041814212607,6
608818981318426623,151
608801905753194495,259
608803196441198591,29
608802667472355327,49
608798022985318399,310
609312411773566975,259
608801804804685823,40
608802357110636543,49
608797018231406591,16
608818998716399615,670
609312292252680191,242
608819048645394431,280
608797033163128831,2
608818926859583487,100
608802700741574655,65
609312275626459135,27
608801799368867839,36
608819050088235007,28
608802450643615743,14
608801808093020159,25
608801788648226815,167
608818978432745471,199
608819022573600767,326
608801805089898495,87
608802794039672831,61
608801879765286911,342
608796124710436863,92
608798063334522879,50
608844284027731967,388
608801805828095999,358
608802386235883519,90
608803235012018175,22
608803199846973439,265
608819025878712319,39
608818996485029887,227
608818976134266879,256
608802449871863807,11
609312344966692863,47
609312289920647167,54
608803276351078399,112
608801810089508863,142
608803201054932991,244
608819020140904447,385
608818927832662015,7
608802713374818303,118
608801901911212031,324
608802364257730559,50
608802247538638847,238
608819017238446079,41
609312156525002751,160
608802212239376383,221
608801856293961727,434
608798038638460927,29
608801800912371711,128
608798163729383423,56
608819044518199295,129
608818993851006975,180
608802378719690751,83
608844345499451391,236
608802240995524607,208
608819003061698559,104
609312414172708863,48
608819080153006079,465
608802708677197823,16
608818972107735039,134
608802793486024703,129
608796033358495743,12
608819058141298687,152
609312412612427775,76
608802392980324351,172
608796868763189247,746
608802209487912959,32
608798017197178879,834
608798043772289023,125
608802086125043711,40
608818910518575103,510
608801879748509695,192
608818990260682751,27
608801820407496703,242
608818977023459327,3
608801877819129855,63
608802015023202303,103
608801839567077375,312
608801925013438463,57
608819059567362047,12
608797026200584191,58
608797063479558143,83
608845301347778559,345
608801910366928895,185
608818996401143807,202
608802235811364863,49
608818969943474175,43
608819044836966399,207
608819036347695103,186
608845331378995199,26
608801863357169663,568
608801806264303615,38
608803218419351551,326
608802633766928383,135
608801825759428607,3
608819036196700159,166
608818990445232127,36
608802706898812927,13
608796167542669311,13
609312373638955007,109
608801942629515263,16
608796862102634495,196
608796195459956735,26
608801800291614719,236
609312239421227007,22
608796014970667007,31
608803217714708479,55
608801867383701503,45
608796201264873471,15
608802695238647807,255
608801880402821119,33
608801977475792895,22
608818994186551295,63
608797024287981567,74
608798176178077695,12
609313166010089471,38
608802631317454847,35
608807122292965375,26
608801789923295231,54
608801801768009727,45
609312283763408895,74
608803232747094015,29
608801944709890047,30
608797026905227263,52
609312242608898047,26
608818996233371647,28
608796066711601151,15
608801942830841855,32
608802664955772927,72
608796052954284031,23
609312379695529983,45
608796868930961407,296
608819092920467455,101
608818998615736319,763
608797024321535999,59
608798063166750719,192
608818994740199423,58
608798034125389823,25
608802215594819583,32
609312317837934591,4
609312272220684287,284
608803277861027839,110
608802238512496639,24
608798039192109055,291
608798326904586239,1187
608818995696500735,977
608801788748890111,197
608801805391888383,222
608845299418398719,156
608802632105983999,52
608818969373048831,126
608803234005385215,23
608819004991078399,21
608802203196456959,102
608798060734054399,127
608802228395835391,129
608798036826521599,30
608801857636139007,175
608801834382917631,109
608797026922004479,31
608798033705959423,18
608802209806680063,19
608803268784553983,155
608818998649290751,335
608796114543443967,86
608803207262502911,104
609312344597594111,20
608798043554185215,126
608802035172638719,39
608802082316615679,30
609313167771697151,151
609313418356195327,35
608819019503370239,23
609312291715809279,91
608798180389158911,47
608801857820688383,510
608801830322831359,82
608803171006939135,3
608801862300205055,114
608802363368538111,14
608803217781817343,131
608796868998070271,291
609290389815295999,16
608798152102772735,263
608795740763848703,35
608796054699114495,78
608802211618619391,25
608801808311123967,24
608795285916745727,34
608802226130911231,70
608802657909342207,26
608818989589594111,23
608798036524531711,72
609312412310437887,352
608798327391125503,305
608803201675689983,77
608801865085222911,80
608798175490211839,6
608796124525887487,11
608796072935948287,30
608819060137787391,71
608801844734459903,67
608802215561265151,55
608819021466304511,25
608801880537038847,88
608802627173482495,20
608801801482797055,85
608803271015923711,30
608845286869041151,9
608818989254049791,39
608802048443416575,48
608802377226518527,27
608802212776247295,29
608801910350151679,211
608801799519862783,14
608801817404375039,45
608801842503090175,6
608802082299838463,729
608796898291089407,37
608801842301763583,125
608818973986783231,64
608798180137500671,43
608845317705564159,1
608818858391764991,61
608844285638344703,11
608802640595255295,71
608802035139084287,197
608802942736138239,45
608802393416531967,138
608818970228686847,263
608802248461385727,72
609312293745852415,177
608801841194467327,61
608818978382413823,226
608803232193445887,36
609312375752884223,81
608802709214068735,70
608795766651092991,19
608801856428179455,80
608801861176131583,163
608803202162229247,138
608796017789239295,5
608803217966366719,39
608819074129985535,161
608819090319998975,142
608802230962749439,135
608802666818043903,61
608801960396587007,37
608802091963514879,5
608802662002982911,58
608797005061292031,73
609312263345537023,45
608799903543459839,27
608798044711813119,107
608802667052924927,7
608819094531080191,96
608803280276946943,52
609312239706439679,85
609312425849651199,39
608797102234927103,25
608803311784558591,68
608797101815496703,24
608799898359300095,26
608801944693112831,31
608811999362547711,25
608801900367708159,36
608803219392430079,121
608801860572151807,262
608801799234650111,33
608803299352641535,25
608795911992115199,4
608801801382133759,213
608795915464998911,8
608801875738755071,28
608798151784005631,52
608798011828469759,61
608803356177072127,10
608797100070666239,62
608802631384563711,24
608802372344348671,1
608803355187216383,11
608803351932436479,6
608801802187440127,90
608803209074442239,136
608818999739809791,53
608819000125685759,42
608819022103838719,58
608818986838130687,101
608802661684215807,50
608801926724714495,123
608798180053614591,27
608801814871015423,6
608798043537407999,10
608807118249656319,8
608801877701689343,24
608801807421931519,22
608802788956176383,89
608819024318431231,1
608818927765553151,136
608819094749183999,70
608801879094198271,172
609312379729084415,61
608801900753584127,25
608802655325650943,41
608845297304469503,70
608802701379108863,11
608802209555021823,29
608802788603854847,54
608802256363454463,69
608844270152974335,1
608802395379466239,71
609312242273353727,175
608797067254431743,33
608798045013803007,50
608819088105406463,25
608819071412076543,414
608819085370720255,11
608802393215205375,110
608803278179794943,37
609312263043547135,54
608795933567614975,44
608802704147349503,29
609312263009992703,35
608818997374222335,38
609313435066302463,103
609313168996433919,105
608802228144177151,26
608798043755511807,63
608818985999269887,564
608802893998325759,25
608801856780500991,53
609312052288159743,4
609312013381795839,3
609311967395446783,1
608818991502196735,7
609313435720613887,180
608818998112419839,35
608819071663734783,47
608802374290505727,11
608798042363002879,87
608801900116049919,13
608795936151306239,8
608798152136327167,69
608802992296034303,13
608803218335465471,43
608798179919396863,31
608798165641986047,11
608818968567742463,46
608795744555499519,9
608798168443781119,52
608798182452756479,24
608802909081042943,9
608818998783508479,25
608798189985726463,16
608803005046718463,40
609313168224681983,193
608801943904583679,14
608796165764284415,20
608803273616392191,19
608802377260072959,6
608807057683906559,18
608795740780625919,8
609313450182574079,44
608802702385741823,10
608797099147919359,15
608802625478983679,34
608802090420011007,21
608819080522104831,47
608802789828591615,12
608801840053616639,106
609313435586396159,15
609312373152415743,31
609313453772898303,9
609313415386628095,19
609313417366339583,3
608802033679466495,46
608802739345948671,52
608807127376461823,20
608802017858551807,86
608802230325215231,15
608819024553312255,23
608801873557716991,20
608801799704412159,3
608807117847003135,12
608797081968050175,48
608798009580322815,30
608802357093859327,63
608802761928081407,58
608802357060304895,28
608803000466538495,23
608796052081868799,26
608803197162618879,372
608802376035336191,7
608802798301085695,310
608801867920572415,33
608801877869461503,32
608802360986173439,9
608811047658192895,11
608818998129197055,53
608802789744705535,3
608819014503759871,42
608802361204277247,62
608798148529225727,96
608802364240953343,40
608797094920060927,11
608796054984327167,50
608803189344436223,57
608801791835897855,102
608818976251707391,71
608818927715221503,8
608818925651623935,67
608802384440721407,12
608802771507871743,4
609312238884356095,50
608819022439383039,26
608797029337923583,16
608803197884039167,49
608798191109799935,4
608801899545624575,101
608801863004848127,40
608845333224488959,6
608802657288585215,19
609313178962100223,5
608802248444608511,77
608802991356510207,23
608819060037124095,75
609313417970319359,12
608798052362223615,57
608845304518672383,2
608802090269016063,11
609312236468436991,29
608803198320246783,13
608803286702620671,35
608845289771499519,11
608802033864015871,23
608845289268183039,10
608845305860849663,4
608819044685971455,42
608801810492162047,7
608802455425122303,51
608798038604906495,50
608798176144523263,27
608819023529902079,26
608803207145062399,4
608802939112259583,22
608802013429366783,7
608801862602194943,34
608796174505213951,18
608801862535086079,220
608819019285266431,46
608797033632890879,2
608802647859789823,103
609312291984244735,26
608818994454986751,34
608819091494404095,18
608844367779594239,59
608801901156237311,63
608803259053768703,7
608803277726810111,4
609312292051353599,59
608796199721369599,1
608844342462775295,3
609313439562596351,35
608796872236072959,10
609312409726746623,51
609312288779796479,14
608807119340175359,9
608807117477904383,63
608818984740978687,18
608802028293980159,1
608802579039649791,12
608795742491901951,5
609312343221862399,9
608797269302444031,3
608819085471383551,10
608802016650592255,20
608803310979252223,6
608797280509624319,58
609312345419677695,21
609312417477820415,22
609312289903869951,42
608797067388649471,79
608801845070004223,36
608797068294619135,9
608801810106286079,42
609312256013893631,3
608803237713149951,87
608801817739919359,54
609313418893066239,2
608819056899784703,4
608801809502306303,16
608802377897607167,25
608807122427183103,31
608802015660736511,31
608796894348443647,8
609312073024798719,18
608799921008541695,14
608802455978770431,5
608799902989811711,18
609312339514097663,2
608796981942288383,10
608845291482775551,2
608798020300963839,3
608818987895095295,33
608802627475472383,24
609313167704588287,17
608845287540129791,1
608801811263913983,10
608818997474885631,71
608801803177295871,27
608798326803922943,34
608811976377761791,1
608798052328669183,16
608802390312747007,7
608818974020337663,6
608801839499968511,11
608803014123192319,6
608811978592354303,3
608803329417412607,1
608802992547692543,5
608803308613664767,17
609312314750926847,3
608802991037743103,24
608802940538322943,55
608799904214548479,15
608796017084596223,28
608796049716281343,24
608801798613893119,19
609312078074740735,54
608802373267095551,24
609313416158380031,6
609312157061873663,18
608798056539750399,26
608802461699801087,34
608798060432064511,75
608799903023366143,10
608802664788000767,15
608801867215929343,52
609313109252767743,93
608797100154552319,4
609313442196619263,57
608802094748532735,5
608797081934495743,52
608801807203827711,175
608811037122101247,12
608802049080950783,2
608802668445433855,22
608796872470953983,104
608802230409101311,6
608798052664213503,50
608801899746951167,19
608801942847619071,19
608798172101214207,22
608802017153908735,35
608802704633888767,17
608798056355201023,12
608801973851914239,14
608802202894467071,9
608796090568802303,4
608802685340090367,5
608801961638100991,15
608802998923034623,2
608796072147419135,94
608802442875764735,2
608801810525716479,20
608801820323610623,48
609313169180983295,1
608806848623017983,11
608802440208187391,2
608796020574257151,9
609313168375676927,20
609290437731024895,38
608796195795501055,5
608803280746708991,22
608798152404762623,32
608798037178843135,12
608802709918711807,9
608819058007080959,28
609313178928545791,5
608803310341718015,55
608802735722070015,34
608811997030514687,62
608803260781821951,12
608801957695455231,43
608801879832395775,16
608819036381249535,18
608798042849542143,40
608798053050089471,25
608803177583607807,50
608798039577985023,13
608798050734833663,16
608844285470572543,13
608801893656821759,25
609312104716959743,12
608798172520644607,49
609313414044450815,1
608807118216101887,33
609312253077880831,11
608802246984990719,35
608796523337089023,8
608798175976751103,4
608801867618582527,5
608807054496235519,5
608802622408753151,10
608798040517509119,3
608801862954516479,153
608802991306178559,28
608799904684310527,116
608798014680596479,30
608802938978041855,51
608799904231325695,10
608803261620682751,4
608811053781876735,8
609290387382599679,72
608802378585473023,18
608801799184318463,10
608798036759412735,23
609312380031074303,15
608798010385629183,23
608845318544424959,4
608818991518973951,29
608803327823577087,10
609290389563637759,17
609312262070468607,29
609312266365435903,5
608801807975579647,19
608798043956838399,24
608797100490096639,49
608819080505327615,30
608802732819611647,15
608802685121986559,6
608803330507931647,8
608802655426314239,49
608803196726411263,5
608802440191410175,4
609312287789940735,76
608795760225419263,21
608795883722506239,1
609312012861702143,3
608845317470683135,16
609313163829051391,19
608803200836829183,9
608795766382657535,2
608802220778979327,22
608797280912277503,14
609312373420851199,21
608797253263425535,10
608802094832418815,9
609312151894491135,3
608803202699100159,35
608802806907797503,2
608797104449519615,5
608802577663918079,4
608802432675217407,118
608803220382285823,10
608802578871877631,29
608802590649483263,73
608797098644602879,14
608803167852822527,58
608802617912459263,2
608802938810269695,16
608801789940072447,37
608797269201780735,7
609313165674545151,9
608802616285069311,3
608819055876374527,12
608801900619366399,19
608844343268081663,2
608801807505817599,21
608795740512190463,4
608803198773231615,16
609312289031454719,1
608802788805181439,39
608797278345363455,5
608796072516517887,12
608803230515724287,3
608802667573018623,8
608819090236112895,6
608802789291720703,65
608801874144919551,11
608795269827395583,8
608802017455898623,12
608796047719792639,29
608802388786020351,4
608795776616759295,2
608795745763459071,1
608802389222227967,19
608796135649181695,3
609312911667494911,7
608819090353553407,41
608802433010761727,5
608818859599724543,4
608818971688304639,61
608796053071724543,1
608796207589883903,1
608801885385654271,2
609312115420823551,8
608797081196298239,13
608802463444631551,8
608801910819913727,4
608798172453535743,5
608802453948727295,14
608802455274127359,29
608796862723391487,20
608803219543425023,3
608796897670332415,16
608801788782444543,29
608798044376268799,27
608802789627265023,19
608795759755657215,1
608797035797151743,8
608802248209727487,10
608819091410518015,16
608801808210460671,2
608801961789095935,13
608801929761390591,11
608796019936722943,9
608844329024225279,3
608802655275319295,4
608802892505153535,11
608845288982970367,1
608796161301544959,4
608797101060521983,2
609313168291790847,2
608819051665293311,1
608844369222434815,29
608844369037885439,5
608803000181325823,6
608801840624041983,6
608798009597100031,17
608802658764980223,19
608803231807569919,16
608796064916439039,9
608798194918227967,16
608797281382039551,5
608803190770499583,13
608803276283969535,22
608802790499680255,1
608797277925933055,2
608802788939399167,26
608801813142962175,7
608803232008896511,11
609312833787658239,6
608802705170759679,11
609312790284337151,12
608802739513720831,8
609312835482157055,2
609312313811402751,4
609312314885144575,10
608802787127459839,1
608819001669189631,2
608798194347802623,6
608796164656988159,33
608811999312216063,5
609312892893790207,2
608803063783751679,30
609312891048296447,5
609312891199291391,3
608797093812764671,22
608803171074047999,3
608802577848467455,11
608801899025530879,5
608798020653285375,9
608803284454473727,23
608797082806910975,3
608819203750756351,1
608819080622768127,4
608802892236718079,5
608798050952937471,6
608811036568453119,7
609312235965120511,25
608802410277634047,4
608802434403270655,3
608798017180401663,21
609312413350625279,19
608803283598835711,1
608801959272513535,2
608803003083784191,5
608798056422309887,20
608802455223795711,6
609312833351450623,1
608799902167728127,23
609312821104082943,2
608802045104750591,1
608802660325261311,1
609312888900812799,1
608819025341841407,25
608819023311798271,2
608818989388267519,9
608798172503867391,13
608797005195509759,3
608797005732380671,25
608801840657596415,7
608818987408556031,115
608797100758532095,144
608807093536817151,1
608802703929245695,22
608798194079367167,2
608801807472263167,8
608802082215952383,16
608819002994589695,5
608795770560184319,10
608803251738902527,2
608803311163801599,2
608802210075115519,14
609312330185965567,4
609312018398183423,260
608798191478898687,1
608818984724201471,10
608796050035048447,10
609312100690427903,9
608845295442198527,7
609312410431389695,23
608798181798445055,8
608801790846042111,2
608803311415459839,24
608801858038792191,41
608811996762079231,10
608803331749445631,1
608845290794909695,23
608802992782573567,9
608796522011688959,1
608801907783237631,1
608801809099653119,3
608796182826713087,4
608802806404481023,1
608802212205821951,2
608796017269145599,16
608801861645893631,2
608796165781061631,11
608803200148963327,10
608803300040507391,4
608803207715487743,2
608802622308089855,15
609312138590158847,2
608818909730045951,15
608801801717678079,5
608801809149984767,8
608798051120709631,6
608803165621452799,3
608844285873225727,66
608796132092411903,5
608802441600696319,5
608801788883107839,6
608802248545271807,1
608797050611433471,6
608797051618066431,3
608810910588338175,6
608802682437631999,13
608818977241563135,10
608801887247925247,1
608807126302719999,9
608802452723990527,6
608798053972836351,4
608802629253857279,11
608801797691146239,4
608802031229992959,3
609312122198818815,3
608802939061927935,9
608802031716532223,2
608801811146473471,3
608802046581145599,7
608797035696488447,3
608818849550172159,1
608799902352277503,11
608802702217969663,9
608818849466286079,1
609312077823082495,6
608802590968250367,15
608798147421929471,3
608802805683060735,5
608798172537421823,2
608796130632794111,2
608802394238615551,8
608801946706378751,11
608818925332856831,12
608802378233151487,15
608796911964520447,12
608796058390102015,3
608803264959348735,17
608795268200005631,4
608795268166451199,6
608802369139900415,10
609312121628393471,7
608802578888654847,9
608819082837360639,8
609312259805544447,50
608807117880557567,7
608798145274445823,16
608802662237863935,5
608798156095750143,7
608802784090783743,4
608801890871803903,2
608802944480968703,2
608802991406841855,4
608802091544084479,13
608802048661520383,10
608795768580472831,31
608803167685050367,3
608844285520904191,11
608801873389944831,6
608802591773556735,2
608802620647145471,2
608802695288979455,14
608795931386576895,1
608798016576421887,8
608795930514161663,1
608795932258992127,2
609313436257484799,4
608801888942424063,4
608802789224611839,7
608801836228411391,2
608801929778167807,9
608797278529912831,2
608803316666728447,3
608845318108217343,5
608797255092142079,4
609311967663882239,3
608803356227403775,3
608797080357437439,2
608818847100698623,2
608798176127746047,2
608802443177754623,8
608798181731336191,16
608802664771223551,1
608796203898896383,12
608801965178093567,1
609312265224585215,11
608845318510870527,4
608845438316969983,7
608819059735134207,11
609312119682236415,14
609312305221468159,10
608803336480620543,4
608845305693077503,1
608845315138650111,5
608803330323382271,1
608796981808070655,12
608798030937718783,35
609312284619046911,2
608796195912941567,5
608818988884951039,7
608802788821958655,4
608802012926050303,7
609290389077098495,7
608803207497383935,3
608818985210740735,2
608801925114101759,1
608798188458999807,2
608802629555847167,4
609313434613317631,4
608819041515077631,4
608819002306723839,1
608802998671376383,6
608819060372668415,2
608818984673869823,4
608796180830224383,4
608802621838327807,2
608801805123452927,9
608796196013604863,7
608798182167543807,17
608801900854247423,3
609313429949251583,17
608801807153496063,3
608802226181242879,1
608803284907458559,3
609312410364280831,5
608802926344798207,1
608803202850095103,4
608803188723679231,1
608802735235530751,3
609312290977611775,5
609312292286234623,25
608811962251345919,2
608818990495563775,42
608802444570263551,10
608806852397891583,2
608845302236971007,8
608796170159915007,8
609312410783711231,1
608797064687517695,1
609313434630094847,2
608798038521020415,3
608818972040626175,22
608796178649186303,2
608797023885328383,3
608803005868802047,8
608811997349281791,27
608796183111925759,2
608845314819883007,3
608845304401231871,1
608796042451746815,1
609312377850036223,1
608802661549998079,5
608801926456279039,7
608797275879112703,7
609312267925716991,1
608796067181363199,5
609312291732586495,1
608798088701673471,73
608802931998719999,2
609312251450490879,5
609312414139154431,1
608802667875008511,13
608803351328456703,3
609311997510549503,3
608796195292184575,3
609312121175408639,7
608802238344724479,2
608802704466116607,4
609313405269966847,9
608801901525336063,6
609312312989319167,6
608803200702611455,1
608803237075615743,3
608845287087144959,4
609313404984754175,1
608797088863485951,4
608797089366802431,6
608797252307124223,3
609313410840002559,9
608802351792259071,5
608797284569710591,2
609312292890214399,7
609312033883553791,6
608819070724210687,1
608798146499182591,10
608802048997064703,1
608819203801087999,6
609312036064591871,2
608797094886506495,1
608802641232789503,2
608802150566330367,1
609312018414960639,3
608799903426019327,6
609312889722896383,1
609312858215284735,6
608802016667369471,3
609312246668984319,2
608802633062285311,9
608845289385623551,5
608797231604039679,2
608811048044068863,4
608795273535160319,3
608795915683102719,1
608803316851277823,2
608845313393819647,6
608802600917139455,2
608803355069775871,6
608802751660425215,2
608802720555466751,6
608802785953054719,4
608802790415794175,1
608801885670866943,3
608802790231244799,1
608802626754052095,2
608798155139448831,5
608798178224898047,3
609312384879689727,2
608797102637580287,20
608802030005256191,1
609312834391638015,5
609312356559749119,9
608802701999865855,1
608798191847997439,29
608802624992444415,5
608801966218280959,1
609312271247605759,4
608802658647539711,1
608802695272202239,1
608811048027291647,9
608796922014072831,1
608797095406600191,4
608802240139886591,8
608818910401134591,1
608801809368088575,5
608802934582411263,56
608796026781827071,3
608802749496164351,1
608819080002011135,2
609312019052494847,1
609312019438370815,1
608797089199030271,2
609312892960899071,3
608803172030349311,1
608802932770471935,7
608802992363143167,5
608802785147748351,4
608811036585230335,5
608802412257345535,1
609313435603173375,2
609312259436445695,3
608802017791442943,12
609313436693692415,1
608803175452901375,1
608802640091938815,11
609313432465833983,12
608801899293966335,5
608802717753671679,5
608801905484759039,2
608819020644220927,3
608802936042029055,2
609312823788437503,4
608795772959326207,1
608803338275782655,2
608802409807871999,1
609313164198150143,2
608802432993984511,2
608801899226857471,1
608803310173945855,4
609312903614431231,2
608802407559725055,4
609312860262105087,3
608796122479067135,3
609312825566822399,2
608796939831476223,2
609312832697139199,1
608803261184475135,2
608844348368355327,2
608811053161119743,2
608801841395793919,1
609313448504852479,1
608796141168885759,1
608844215610245119,3
608795778747465727,5
608801856897941503,4
608796033392050175,1
609312414273372159,4
608802452791099391,3
609313434193887231,22
608802942467702783,3
608797274838925311,1
608802410160193535,1
608802411955355647,2
608802441869131775,4
608798015116804095,2
608801959339622399,2
608802395245248511,3
608798040534286335,3
608802350835957759,1
608803357838016511,4
609312077906968575,2
608796954746421247,1
608810917131452415,1
608797281566588927,3
608796516542316543,11
608844329292660735,6
609312134077087743,5
609312133976424447,13
608795766617538559,4
608802644537901055,29
608806839093559295,1
608801833728606207,2
608807015522762751,2
608806851458367487,1
608807107411574783,2
608807023324168191,1
608798018589687807,2
609312894672175103,2
608819025861935103,3
608796523454529535,1
608798145559658495,1
608796858495533055,4
608807136520044543,1
608803165671784447,1
608802371639705599,1
608801910887022591,4
608803003184447487,1
608803003268333567,4
608819056916561919,1
608795744471613439,2
609313436475588607,2
608796939965693951,1
609312283696300031,3
608796067751788543,1
609312823570333695,1
608803269371756543,1
608819062050390015,1
608819068174073855,1
608803210483728383,1
608801977593233407,2
608797229305561087,2
608802380330303487,4
608819071546294271,10
608803356378398719,8
608795745847345151,1
608795746115780607,1
608795787505172479,1
608803321196576767,1
608803329853620223,1
608803267794698239,1
608803352989401087,1
608803301399461887,1
608802015425855487,2
608819083240013823,4
608796085837627391,1
608806859175886847,1
608801819988066303,5
609312891031519231,2
608802455207018495,2
609312284283502591,2
608845313142161407,1
608802210679095295,1
608801998128545791,5
608802464501596159,1
608802431769247743,1
608802592411090943,1
608801871276015615,1
608797069670350847,1
608811962133905407,1
608795764084178943,1
608802749982703615,1
608803207916814335,1
608803325306994687,1
608801867400478719,1
608802943893766143,1
608802395765342207,1
608796045320650751,1
608797032877916159,2
608797017811976191,1
608803283397509119,1
609312899822780415,1
608797281029718015,2
608802635780194303,11
608802764494995455,1
608845469086384127,2
609312823234789375,3
609312823117348863,1
609312077806305279,1
608819007088230399,1
608798149267423231,2
608802765350633471,1
609311980951437311,1
609312388184801279,1
608796175293743103,1
608796170210246655,5
609312394140712959,1
608802638548434943,1
609313439696814079,1
609312421739233279,1
609312858450165759,2
608819050440556543,2
609312855799365631,2
609312821607399423,1
609312821640953855,1
608797253431197695,2
609312287236292607,1
609312018096193535,1
608801826430517247,2
608802434420047871,5
608803256285528063,1
608796168096317439,4
608802936746672127,1
608795912025669631,1
608803209141551103,2
608819021348863999,2
608802802495389695,1
608801894395019263,1
608844342613770239,1
608819254132735999,1
608803319770513407,1
608802807713103871,1
608798029075447807,1
608803248970661887,1
609312859272249343,1
608802421686140927,1
608801890838249471,1
608796050404147199,3
609312148471939071,1
608803174966362111,1
608802390010757119,1
608803310475935743,1
608801910299820031,3
608803357821239295,1
608818922816274431,1
608796051628883967,7
608802659956162559,1
608798039326326783,1
608797068428836863,1
609312834441969663,2
608802382192574463,2
608802017959215103,1
608802384709156863,1
608797284150280191,1
608797269889646591,1
608796910018363391,1
608803251252363263,6
608801810693488639,1
608796018477105151,1
609312332249563135,1
609312330370514943,1
608845307874115583,2
608802577965907967,1
608796521894248447,1
608802373921406975,1
608803277693255679,1
608795759705325567,1
608802031850749951,1
608802683746254847,1
609312854708846591,1
609312425228894207,8
609312317636607999,2
609313432314839039,1
609313167905914879,2
609313170472828927,1
608796054313238527,1
608802382242906111,1
609312823285121023,1
608797033582559231,1
608796105903177727,1
608798165943975935,1
608803249608196095,1
608796173632798719,1
608801805744209919,1
608818988968837119,1
608807058757648383,1
608795745562132479,1
608819005527949311,1
608818850338701311,1
608802150885097471,1
608818989304381439,1
608801882550304767,1
608796067735011327,1
608801909309964287,1
609312889018253311,1
608803351445897215,1
608796055437311999,1
608802410848059391,1
608798057294725119,1
608819011903291391,2183084
608801901894434815,531
608801790091067391,84412
609313435032748031,24
608819011450306559,21567
608802247001767935,1058
608818994253660159,196
608819055893151743,52
608818910568906751,252
608818975932940287,1158
608802032152739839,46
609312391372472319,237
608797064536522751,978
609312120353325055,14
608818982291505151,1216
608801800023179263,247
608803200132186111,2343
608796071912538111,61
608798157874135039,9
608798168175345663,1552
608803278146240511,573
608801871997435903,970
608802664603451391,89
608818981486198783,2291
608819060188119039,1020
608845300760575999,1810
609313167452930047,13
608801865370435583,4523
608801806163640319,210
608818859213848575,1130
608818982643826687,3369
608818980999659519,1776
608802632642854911,39
608803289252757503,928
608803199310102527,98
608818970044137471,542
608801843895599103,208
608802034300223487,2451
608818985596616703,95
608803196407644159,134
608801856478511103,407
608819072804585471,492
608819090118672383,1975
608845333560033279,2085906
608845295559639039,4235
608803220281622527,1176
608819011265757183,6047
608801787641593855,34408
608818927698444287,202
608818980529897471,1095
608801842805080063,2219
608801844533133311,1489
608802244569071615,7244
608818970748780543,966
608818910619238399,180
608803199494651903,852
609312104884731903,10
609313414631653375,49
608819048058191871,98
608803200199294975,875
608801842402426879,23
608802631988543487,347
608798040114855935,71
608818994907971583,291
608801818025132031,203
608801816934612991,996
608818983063257087,1526
608801789839409151,343
608819014151438335,54779
608803201793130495,955
608801843778158591,1067
608819036330917887,138
608802238495719423,578
608803207698710527,185
608818972661383167,848
608819013597790207,1060
608818977040236543,812
608818988415188991,442
608803289303089151,576
609313164097486847,142
608819093138571263,2362
608819021030096895,103
608796058473988095,138
608796114509889535,602
608803266200862719,99
609312377833259007,96
609312377900367871,241
608818980815110143,113
608818980932550655,2059
608818978667626495,2073
608818972711714815,135
608801809586192383,754
608801805660323839,43
608802941041639423,98
608802033763352575,13
608818977442889727,1433
608819093155348479,3527
608801794117599231,2535
609312270341636095,4905
608799920656220159,32
608798179667738623,32
608802734883209215,72
608803288531337215,1215
608801871796109311,3155
608819012624711679,1255
608818997021900799,906
608801857418035199,1049
608845333073494015,448
608803191189929983,35
609313448756510719,122
608801788950216703,1289
608845301196783615,2039
608802378434478079,321
608801871108243455,2158
608801901424672767,205
608845333526478847,32882
608801830339608575,1021
608803196659302399,307
608819013480349695,128410
608803237176279039,830
608801810374721535,199
608818983012925439,773
608819013144805375,16608
608798165927198719,271
608801900552257535,100
608803197212950527,493
609313413641797631,228
608801903085617151,265
608803206104875007,378
609312373924167679,27
609312408132911103,1692
608802617174261759,2
608819013732007935,15815
608818980110467071,1433
608845297338023935,41152
609313435301183487,104
608802244032200703,40
608819021432750079,11924
608798162571755519,243
608845299435175935,2354
608803205500895231,1006
608818968416747519,984
608818973852565503,237
608798163091849215,10106
608798055617003519,43
608801801365356543,81
608801843174178815,298
608802793469247487,114
608798155760205823,55
608818980362125311,6156
608818928017211391,692
608819013849448447,6832
608798168477335551,7236
608802034132451327,48
608801866880385023,1042
608845333157380095,953
608818980798332927,790
609312378017808383,248
608818972409724927,441
608802641534779391,454
608819085874036735,364
608819022305165311,475
608798063233859583,324
608797951615041535,35
608845301280669695,711
608819091796393983,3356
608801878674767871,188
608818969171722239,928
608818969188499455,793
608818988431966207,448
608819038679728127,350
608801794620915711,2601
608803207296057343,71
608818993280581631,1045
608801843711049727,263
608802635612422143,107
608818970027360255,440
608819024536535039,72
608798038437134335,704
609312270274527231,127
608801886727831551,293
608803285427552255,1693
609290390100508671,9913
608802636266733567,1639
608802732937052159,34
608803237394382847,2815
609312377497714687,166
608801816481628159,1485
608801865420767231,3220
608818973064036351,143
608819092165492735,2643
608819014067552255,749
608801844583464959,1798
608802943390449663,41
608801842100436991,163
608802244401299455,1204
608801843576831999,363
608803220617166847,1007
608801801298247679,74
609312121896828927,688
608802578469224447,593
608803196273426431,242
608818999169384447,1667
609312235898011647,20
609312410867597311,594
608819072435486719,498
608819042857254911,253
608802687823118335,297
608798008254922751,936
608801878792208383,541
608795780995612671,4
608802735503966207,214
608819080673099775,556
608818976704692223,938
608819094447194111,64
608801864783233023,129
608802440761835519,66
608802376857419775,183
608801866561617919,128
608798042262339583,688
608798167957241855,97
608819005192404991,489
608802432658440191,29
608803211272257535,203
608818928335978495,997
608818982526386175,1354
608819051010981887,206
609312394207821823,224
608802707620233215,10
608819092635254783,193
608802341843369983,158
608802373082546175,132
608801868641992703,193
608798054308380671,16
608844285151805439,409
608803237612486655,14
608796073053388799,21
608818968584519679,285
608801873943592959,1047
608801843979485183,884
608802032488284159,121
609312287504728063,94
608795740243755007,29
608798149804294143,25
608818973332471807,377
608819094782738431,149
608845333761359871,523
609313414212222975,139
608803237058838527,33
608819089145593855,111
609312275760676863,174
608845297656791039,197
608819083994988543,374
608802635796971519,13
608802708693975039,19
608845301180006399,191
609312290189082623,57
608818972090957823,210
608803201625358335,51
609312834408415231,322
608803248702226431,2036
608795740747071487,26
608803207665156095,110
608818981872074751,417
608801842704416767,305
608818971721859071,3886
609312393670950911,107
608818979338715135,139
608803280545382399,58
608801800811708415,742
608819048544731135,233
608803206591414271,447
608818975983271935,978
608819093423783935,839
608819020325453823,387
608802090587783167,359
608803219459538943,473
608795745696350207,50
608802700171149311,401
608802694349455359,298
609312152230035455,131
609312378789560319,13
608844284984033279,126
608797281080049663,112
608818973198254079,150
608802710287810559,108
608797014657859583,44
608798022482001919,1165
608798042329448447,68
608819057470210047,20
608818993649680383,126
608798017163624447,825
608819094229090303,185
608801903035285503,349
609312122165264383,17
609313167150940159,102
608819072536150015,123
608803275377999871,58
609313169281646591,182
608819082719920127,25
609313163459952639,165
608801842184323071,950
608818972845932543,494
608801861880774655,105
608801866494509055,476
608818996787019775,591
608798166380183551,17
608797068747603967,65
608801859850731519,330
608798026307207167,4
608819084011765759,128
608803288061575167,203
608802633095839743,1832
608803325155999743,2033
608798009446105087,24
608802013362257919,2
608802227405979647,63
609313450752999423,133
608801820239724543,470
608796064127909887,15
608801879782064127,184
608802046547591167,29
608803220566835199,202
608798180187832319,71
608819055356280831,97
609312238448148479,64
608803282290212863,6
608803277827473407,51
608818999219716095,341
608803284152483839,5
608819083340677119,748
608802030340800511,69
608819071714066431,67
608818967577886719,14
608798021206933503,34
608803208789229567,281
609313414245777407,87
608818980898996223,557
608797076649672703,70
608801792506986495,185
608798054123831295,120
609312268227706879,15
608802203179679743,151
608819094581411839,56
608819093608333311,369
608801903001731071,418
608798038940450815,415
608801796650958847,32
609312274485608447,437
608803273448620031,62
608798162454315007,269
609312267304959999,58
608818979204497407,166
608798063401631743,708
608797068865044479,58
608845313830027263,147
608802657674461183,29
608801813646278655,1046
608798060851494911,136
608819060288782335,252
608818967426891775,706
608802030844116991,41
608802444771590143,42
608819093541224447,653
608798033538187263,23
608845318057885695,1
609313166110752767,48
609312122064601087,39
608818998850617343,521
608819082652811263,268
608802225426268159,32
608798044040724479,357
608802991188738047,52
608802655241764863,641
608845318645088255,95
608803326850498559,793
608802629505515519,260
608801871947104255,24
608802035189415935,80
608802655224987647,44
608818926003945471,49
608802243310780415,34
608802727299907583,52
608798023471857663,74
608797067187322879,68
608803326884052991,194
609312271130165247,8
608801893052841983,42
608802797814546431,63
608798174332583935,232
608803209024110591,211
608798167906910207,270
608797068546277375,64
608819092853358591,999
608802081897185279,249
608818995881050111,43
609312414206263295,219
608801844516356095,323
608802225795366911,70
608845301968535551,22
609313163996823551,182
608801799435976703,79
608801799385645055,35
608818994857639935,65
608797100624314367,74
608802657691238399,36
608802341222612991,6
608802407425507327,9
608803330709258239,1
608802664620228607,79
608798148227235839,44
608802337900724223,124
608803205484118015,157
608798013975953407,62
608819020124127231,300
608802706764595199,153
608803323629273087,14
608798038739124223,51
608801868608438271,649
608819050390224895,32
608801860639260671,43
608802438614351871,8
608801801315024895,104
608819022170947583,237
608819059886129151,53
608818857922002943,511
608818998498295807,1017
608802373132877823,145
608803201222705151,61
608802641685774335,73
609312430178172927,12
608801880117608447,15
608797068395282431,34
608818988113199103,230
608801796097310719,184
608803233401405439,91
608803233049083903,35
609312375518003199,121
608802797529333759,82
608803163490746367,32
609312121829720063,289
608798016995852287,84
608818973953228799,252
608798157605699583,54
608819091108528127,206
608819019637587967,15
608802695070875647,109
608798047714934783,93
608802759075954687,110
608802591874220031,8
608798034142167039,303
608803248064692223,9
608801819618967551,317
608796197456445439,3
608801874413355007,23
608802586740391935,2
608819090991087615,205
608802364308062207,69
608801879010312191,79
608802094916304895,525
608819080807317503,94
609312412243329023,62
609313452934037503,174
608803248769335295,66
609312294299500543,58
608802641333452799,3
608798055365345279,20
608798061942013951,35
608796066996813823,144
609312351090376703,51
608802034602213375,38
608802631619444735,13
608797950994284543,87
608795273669378047,8
608801800425832447,120
608798056858517503,16
608802450710724607,37
609312391926120447,8
608798044359491583,152
609312350872272895,54
608819038696505343,275
609312396053315583,14
608796935200964607,13
608819043243130879,70
608818995428065279,66
608801811431686143,65
608802377293627391,269
608798152387985407,111
608803202816540671,169
608801884513239039,6
608796914078449663,27
608802636015075327,13
608818997743321087,78
608801867652136959,11
608802255574925311,3
609312283931181055,1036
608797097990291455,21
608819023278243839,274
608818970581008383,61
608802342464126975,16
608801791282249727,288
608803231572688895,105
608801806499184639,336
608802685440753663,190
608819025811603455,19
608802202290487295,20
608802796354928639,1
608802450727501823,80
608801819954511871,14
609312291682254847,144
608803269606637567,149
608802700422807551,102
608802635830525951,116
608803217848926207,18
608802386168774655,53
608801839332196351,175
608818994656313343,278
608802991222292479,142
608802632558968831,285
608803233871167487,66
608802617929236479,75
608801813243625471,82
608797015295393791,26
608845295693856767,441
608844353485406207,46
608796866145943551,71
608802227305316351,40
608798030518288383,9
608819073123352575,98
608802034333777919,28
608845298176884735,43
608802389306114047,200
608844353854504959,20
608802793637019647,106
608802761441542143,32
608818976083935231,55
608802938994819071,96
608803309603520511,429
608802048577634303,78
608801979740717055,20
608802992480583679,45
608818858358210559,13
608844352797540351,40
608801948551872511,45
608801818562002943,25
608803236505190399,78
608801868021235711,140
608818985781166079,42
608819092870135807,278
608801789487087615,255
608802631720108031,19
608819094715629567,280
608801790745378815,38
608798052127342591,227
608798060465618943,117
608844345549783039,106
608802048611188735,122
608798011895578623,9
608803196256649215,133
608819050557997055,191
608801902783627263,18
608801861427789823,72
608803218234802175,39
609312288947568639,86
608802695221870591,121
608844342211117055,37
608819051195531263,171
608796865676181503,50
608798022565887999,73
608819044736303103,33
608803198068588543,40
608844344207605759,74
608801909477736447,271
609290387416154111,34
608803203235971071,259
608798052462886911,1185
608801810609602559,219
608844344442486783,206
609312375283122175,19
608803203017867263,89
608797076632895487,127
608796054732668927,89
608802694198460415,37
608801817488261119,51
609312242189467647,11
608797081833832447,7
608801858424668159,363
608819090823315455,127
608802082618605567,50
609312272589783039,163
608811052976570367,10
608801830356385791,230
608801887818350591,8
608801947864006655,8
608801861058691071,7
608802081595195391,372
608801809569415167,86
608801807925247999,1
608845297942003711,173
608797005698826239,1
608818974053892095,55
608819091930611711,65
609313448219639807,72
609312275911671807,74
608801859448078335,44
608802239552684031,2
608802682320191487,98
608798146297855999,55
608845297589682175,52
608811998959894527,12
608818987442110463,37
608845300525694975,1
608845301851095039,30
608798026055548927,3
608796982512713727,1
608801867283038207,43
608818998481518591,138
608803207312834559,63
608798164853456895,13
608795917948026879,17
608818993247027199,200
608801954910437375,14
608798146599845887,93
608801842167545855,27
608802639538290687,132
608801805324779519,83
608802370146533375,63
608845331345440767,52
608802657758347263,16
608845290274815999,3
608845333845245951,14
608802991171960831,39
608818985898606591,4
609312283562082303,2
608819088273178623,240
608802923056463871,5
608796987260665855,16
608802048711852031,27
608819004856860671,111
608803280511827967,49
608801893992366079,45
609312261567152127,34
608801861763334143,95
608802638246445055,25
608802999325687807,84
609312410733379583,164
608819019352375295,4
608797064821735423,83
608799920706551807,30
608801954205794303,19
608819051061313535,27
608802998990143487,46
609312268177375231,12
608798057747709951,58
609312121594839039,21
608802799693594623,9
609312272438788095,48
608798152421539839,27
608801801113698303,21
609312430681489407,237
608802435426680831,5
608801842905743359,199
608802616368955391,70
608845469388374015,14
608802733977239551,65
608796153416253439,5
608797064033206271,39
608802445862109183,10
608801871393456127,7
608807115061985279,21
608818973080813567,146
608802717686562815,126
608796033341718527,76
608844353317634047,73
608819089665687551,95
608801882718076927,7
608797280878723071,28
608818978030092287,244
608802700036931583,5
608801836513624063,5
608803207279280127,57
608802735671738367,58
608799904046776319,60
608819021785071615,17
608802393282314239,94
608818975882608639,42
608819090789761023,16
608801888002899967,7
608819090336776191,23
608819093054685183,1290
608802665878519807,55
608803207061176319,24
608801819786739711,40
608797100557205503,94
608802452606550015,131
608798023538966527,27
608819074348089343,129
609312343121199103,59
608819022540046335,56
608818996686356479,373
608803203034644479,89
608845298311102463,17
609312378722451455,25
608818971033993215,23
609312373605400575,110
608845315440639999,17
608845316833148927,4
608802759394721791,129
608802243696656383,98
608798056992735231,48
608802584861343743,14
608802440879276031,11
608801926758268927,74
608796865625849855,80
608801841093804031,43
608798188291227647,56
608798148797661183,10
608803270680379391,40
608803275612880895,63
609313452564938751,98
608819004303212543,3
608818977962983423,516
608796124794322943,71
608798178040348671,127
608796124458778623,527
608803258449788927,2
608802647943675903,94
608798057982590975,136
608819003799896063,20
608818990126465023,7
608818977593884671,22
609312375484448767,91
609313414178668543,74
608807122796281855,32
608818979355492351,125
608803009073250303,6
608802992799350783,18
608798149166759935,70
608802449234329599,27
608797100020334591,28
609312253648306175,8
608818977476444159,79
608798188593217535,41
608803204997578751,163
608798052529995775,16
608796986707017727,32
609312012492603391,3
609312239689662463,8
609313435485732863,45
608796047870787583,32
608798193978703871,100
608802015291637759,23
609312414004936703,103
608796015524315135,30
608802017422344191,24
608801791265472511,123
609312266784866303,12
608802797462224895,39
608801828913545215,9
609312266851975167,16
609313166362411007,35
608798178157789183,50
608844370346508287,9
609313414279331839,118
608796195527065599,23
608802789375606783,18
608803202682322943,91
608802086108266495,63
608802633179725823,434
608802938843824127,27
608802666952261631,7
608801865152331775,52
608818977409335295,43
608796124173565951,14
608803163037761535,73
608802230593650687,29
608818973886119935,11
609313163912937471,16
608802091023990783,57
608803323159511039,17
608801788698558463,17
608803214107607039,144
608802706831704063,3
608802704348676095,15
608802998721708031,11
608802707553124351,22
608802657473134591,31
608796125062758399,72
608819025207623679,3
608798009479659519,25
608802368686915583,77
608802702939389951,12
609312379225767935,38
608801930885464063,9
608802650007273471,93
608802703040053247,26
608802618986201087,5
609313179180204031,8
608803219526647807,63
608802584945229823,176
608802703778250751,13
608802708022886399,19
608807113786916863,14
608801797506596863,222
608802218413391871,80
608801974774661119,21
608795743263653887,20
608798020183523327,35
608801931690770431,9
608801791634571263,44
608801808478896127,32
608801819048542207,53
608802734161788927,17
608801818578780159,1
608802735470411775,52
608798042564329471,68
608801818528448511,40
608802685038100479,16
608802082081734655,105
608801947947892735,12
608796049347182591,15
608797949182345215,96
608819007004344319,5
608801792439877631,36
608818978046869503,19
608795771466153983,58
608802908661612543,6
608802807796989951,14
609312901383061503,1
608802789593710591,2
608795933651501055,2
608807023810707455,1
609313448202862591,54
609313169432641535,8
608801860119166975,16
608802632810627071,57
608801910283042815,39
608798043436744703,11
608802227892518911,22
609312819896123391,3
608811997198286847,2
608801803210850303,26
608802739480166399,4
608802709247623167,49
609312892239478783,1
608803352670633983,27
608797069519355903,2
609313163543838719,11
608801808277569535,18
608796180696006655,13
608802936377573375,3
608802217926852607,33
608802212910465023,25
608796054900441087,54
608802892438044671,29
608798037363392511,13
608818984589983743,54
609312259990093823,7
608845298143330303,14
609312018733727743,3
608818984422211583,3
608803304301920255,18
608818968014094335,165
608802446633861119,36
608798010050084863,1
609312412042002431,58
608797018281738239,33
608819013815894015,70
608802441667805183,33
608802616268292095,74
608802718894522367,26
608818984438988799,145
608802690591358975,37
608801947964669951,9
608799920974987263,28
608845293529595903,6
608802939011596287,21
608796017520803839,47
608803326649171967,32
608802337430962175,16
608802367915163647,12
608801813428174847,2
608798164702461951,3
609312267573395455,6
609313408944177151,7
608844345130352639,19
608802394205061119,191
608798057496051711,2
608802970066223103,4
608801809418420223,15
608803167097847807,33
608802090201907199,6
608819059785465855,366
608801799989624831,18
608801819082096639,19
608818968450301951,15
608801900569034751,24
608795760477077503,5
608795772422455295,7
609313414195445759,17
608803014441959423,10
609313435838054399,7
609313169952735231,11
608796200929329151,13
608796871766310911,58
608803064656166911,4
608798010553401343,13
608803163524300799,40
609313430435790847,7
608802239921782783,20
608798193727045631,22
608802761894526975,215
608802369659994111,1
608796169589489663,8
608798043688402943,14
608803205215682559,6
608818987307892735,89
608796172760383487,13
609313435804499967,3
608798015066472447,12
608801794386034687,47
608803311700672511,26
608845297690345471,62
609313167956246527,17
608802736141500415,2
609312276851195903,24
608803260848930815,20
608819087568535551,20
608801799318536191,18
608818986888462335,18
608844342144008191,10
608819071512739839,38
608818984875196415,70
608802363301429247,32
609312888783372287,3
608802449855086591,23
608796165797838847,19
608802695205093375,25
608802450157076479,28
608819055842820095,58
608844336657858559,25
608802790617120767,8
608802048963510271,15
608797097268871167,6
608796195426402303,32
608802456096210943,32
608803356646834175,12
608797278127259647,3
608796048005005311,27
608801807774253055,34
608807126487269375,20
608798180422713343,12
609313406092050431,5
608796909598932991,13
608796525383909375,1
608801930365370367,34
608803163239088127,25
608801867870240767,31
608796523504861183,6
608818979825254399,23
608802452589772799,25
608802999241801727,15
609312293594857471,15
608803234424815615,36
608803167802490879,15
608798174903009279,34
608803248869998591,31
608798157085605887,15
608803309653852159,3
608797048195514367,2
608801874916671487,99
608818995830718463,15
608818968030871551,24
608802704130572287,29
608801832705196031,63
608801817102385151,67
608818859079630847,1
608801788849553407,62
608802048409862143,71
609312073041575935,21
608802668143443967,119
608819087820193791,32
608802394104397823,3
608801857669693439,16
608819051027759103,2
608797264772595711,3
608798030870609919,29
608797231469821951,18
608802702738063359,8
608798183157399551,19
608802220795756543,19
608797068948930559,44
608803309452525567,11
609313165506772991,4
608803003637432319,5
608802892253495295,8
608796047451357183,12
608801799301758975,3
608802083088367615,7
608801894344687615,7
608796042518855679,3
608798188660326399,40
608801911625220095,7
608801810508939263,21
608801961570992127,29
608798007818715135,40
608818990394900479,19
608801972878835711,3
608802792965931007,73
609312379896856575,16
608803249524310015,5
608798016861634559,77
608807109156405247,11
608802244938170367,3
608802640796581887,2
608795270364266495,7
608796185393627135,11
608797013919662079,7
608818969909919743,16
608802218346283007,44
608802760334245887,112
609313418960175103,13
608802933743550463,5
608801810223726591,13
608802934297198591,12
608798063384854527,2
609312256349437951,1
608798155374329855,6
608818967544332287,3
608802934313975807,7
608802998654599167,35
608803162853212159,15
608802940773203967,12
608802998553935871,12
608819005628612607,90
608797080424546303,17
608796174572322815,15
608796184923865087,3
608802046799249407,7
608797068596609023,30
609312411505131519,3
608803172063903743,9
608818987123343359,71
608807119222734847,4
608819037740204031,10
608797257373843455,1
608844283943845887,4
608802374089179135,9
608844354173272063,8
608801789050879999,141
608802015643959295,18
608796983250911231,8
609313453403799551,5
608802440996716543,28
608803300023730175,6
608796056024514559,22
608796911712862207,19
608797089266139135,5
608802998889480191,9
608802703308488703,13
608845314870214655,8
609313415185301503,7
608845318712197119,18
608818988046090239,18
608803311247687679,21
609312105438380031,3
608818968299307007,25
609312379712307199,19
609312378554679295,5
609312385986985983,6
608798088752005119,51
608796019198525439,2
608797093493997567,8
608802455777443839,8
608798179634184191,10
609313405102194687,2
609313419295719423,6
608801886560059391,1
609312121796165631,31
608801905820303359,10
608802209655685119,1
608803269640191999,1
608796132377624575,8
608818990864662527,1
608819047772979199,1
608802395580792831,1
608818991552528383,1
608819051430412287,1
608819056010592255,1
608798175540543487,3
608844342227894271,9
608818976268484607,36
608795775291359231,4
608801900686475263,4
608798020686839807,28
608802217910075391,32
608797284250943487,6
608803237595709439,12
608799919397928959,4
608803282827083775,2
608797231553708031,2
608802388819574783,17
608798056086765567,7
609312317569499135,5
608803188757233663,21
608798166514401279,324
608845312806617087,1
608802710438805503,17
608802386688868351,1
608802940571877375,44
608801840020062207,5
608795793326866431,11
608802378300260351,10
608796167509114879,12
608801791315804159,16
608796986740572159,8
608801793849163775,3
609312360317845503,121
608845292321636351,39
608818996652802047,11
608803167282397183,246
608803352368644095,1
609312319448547327,3
608802578855100415,11
608798029863976959,4
608801839634186239,8
608801867165597695,5
608796184118558719,12
608795936000311295,2
608802440392736767,21
608802687856672767,37
608802043259256831,9
608802017623670783,3
608818997592326143,7
608802039769595903,2
608801902062206975,17
608803264942571519,8
608802685222649855,27
609312122114932735,9
609312077101662207,12
608801830457049087,28
608802361221054463,8
608802145247952895,10
608803196390866943,5
608844353837727743,5
608819073660223487,55
608819036213477375,8
608797025915371519,14
608801802791419903,13
608802451750911999,5
608798038923673599,16
608803208705343487,21
608802797831323647,1
609312318072815615,3
608845317336465407,4
609312313777848319,10
608802944464191487,5
608795770677624831,8
608797064704294911,16
608801972845281279,6
608797103811985407,29
608803205937102847,7
608801883741487103,40
608801929576841215,11
608803355002667007,6
608802371690037247,12
608798051204595711,10
608802048325976063,7
608845314853437439,4
608819081931390975,3
608819037773758463,4
608819004168994815,63
608801844617019391,16
609312892004597759,1
608796182893821951,7
608801864984559615,3
608795934171594751,8
608801796499963903,1
608802658546876415,1
608845297136697343,7
608796897854881791,2
608798016391872511,19
608795768563695615,10
608801894210469887,4
608802389507440639,2
609312012693929983,2
608819091142082559,17
609311980481675263,11
608802799609708543,4
608797265091362815,1
608796020540702719,4
609311982981480447,1
608795770627293183,7
608795792118906879,5
608807096657379327,7
609312121460621311,1
609312134060310527,1
608802649772392447,21
608819057537318911,1
608798009714540543,7
608801948065333247,15
608803325525098495,3
608802749999480831,1
609313408776404991,3
608798016811302911,11
608802893964771327,12
608802451499253759,3
608801910836690943,10
608801901173014527,73
608801805375111167,1
608796027469692927,2
609313442163064831,20
608844346489307135,2
609312115437600767,96
608844370598166527,3
608796910219689983,6
608802210477768703,2
609312259906207743,2
608796928926285823,5
608802451717357567,16
608795881759571967,1
609312116125466623,9
608802625931968511,8
608802458830897151,6
608803284639023103,35
609313415990607871,4
608802443395858431,1
608802934532079615,17
608797006202142719,6
608803209342877695,9
608803005667475455,5
608803251134922751,12
608796522481451007,7
608844347865038847,11
608806850267185151,1
608806836677640191,1
608798036591640575,6
608802687537905663,1
608802785281966079,4
608844345667223551,3
608819018832281599,11
608819050641883135,13
608802632860958719,10
608802090906550271,48
608811053932871679,1
608803325072113663,7
608802410999054335,2
608844216298110975,9
608845296885039103,12
608798149535858687,3
609312264637382655,9
608802999107583999,14
608803172701437951,1
608844348469018623,21
608802695423197183,8
608803309922287615,6
608796871833419775,1
608798191059468287,8
608803249910185983,15
608802372663115775,5
608801900183158783,10
608801830960365567,6
608818986200596479,7
608803271838007295,9
608798158796881919,10
608803206054543359,141
608801997927219199,3
608802660040048639,1
608795792186015743,2
608796130163032063,2
608844370430394367,3
609312120370102271,10
608819036163145727,3
608802942316707839,1
608798051926015999,4
608807125128314879,13
608796138467753983,1
608797281549811711,3
608796052551630847,11
608796135212974079,2
608803235347562495,2
609312391909343231,8
608819024150659071,6
608803262358880255,2
608803259137654783,2
608802784476659711,3
609312903832535039,1
609312890242990079,3
608803310190723071,1
608797088746045439,2
609312892558245887,1
608803231170035711,2
608818927983656959,7
609312822966353919,1
609312410162954239,1
609313163493507071,4
608796184873533439,6
608819057218551807,1
608801878238560255,68
608802590867587071,10
608845300274036735,4
608802709012742143,3
608811052959793151,10
608818850321924095,2
608818850456141823,5
608802444469600255,2
608801836496846847,5
608797081984827391,15
608844329259106303,10
608798043638071295,4
609313448454520831,2
608796981053095935,12
609313449024946175,7
609313417299230719,2
608819025912266751,8
608798145542881279,8
608802015392301055,5
608797027190439935,5
608795771986247679,4
608797063513112575,1
608818971554086911,14
608803209158328319,11
608803165705338879,2
608819094094872575,3
608798043369635839,10
608819007256002559,3
608819007222448127,5
608819094765961215,15
608802658899197951,7
608802661566775295,9
608802739043958783,1
608802761961635839,5
609313440804110335,2
608844342697656319,1
609313176680398847,10
608844354525593599,2
608796161804861439,6
608796182608609279,7
608803280528605183,4
608798154887790591,2
608801788597895167,43
608798192116432895,2
609312115940917247,6
608802578083348479,83
608802755351412735,4
608798051842129919,25
608802201988497407,6
608845318594756607,4
608811053412777983,8
608802928156737535,3
608797086950883327,5
608802578486001663,4
608807080349925375,1
608802749429055487,15
608797033431564287,8
608798040836276223,2
608845314836660223,3
609313417584443391,1
609313453370245119,5
608801887751241727,1
608802092064178175,4
608802944262864895,7
608818850623913983,8
608799904818528255,1
608802627374809087,1
608802924868403199,1
608811999043780607,2
608801799486308351,3
608802441483255807,4
608802698560536575,1
608803355573092351,6
608795797403729919,6
608803323696381951,1
608803330407268351,2
608796043005394943,1
609312122534363135,2
609312239303786495,3
608802683679145983,2
608802640695918591,2
608802641249566719,1
608801858743435263,6
608798176043859967,1
608796121472434175,1
608802088490631167,10
609290420635041791,1
608802932787249151,1
609290387651035135,3
609312345688113151,2
608798039309549567,2
608802388685357055,1
608802344074739711,2
608803219811860479,2
608801884177694719,114
608799921243422719,4
608844331406589951,1
608802970166886399,1
608795883403739135,4
608798020737171455,2
608798043604516863,3
608798051439476735,1
608845299317735423,1
608798176714948607,3
609313404280111103,2
609312414407589887,15
608802242773909503,2
609312277186740223,2
608797281449148415,1
608797014372646911,1
608818967494000639,7
608797280543178751,5
608802762884382719,1
608796869920817151,2
608801867366924287,1
608798028605685759,3
608802659318628351,1
608802210762981375,8
608803199360434175,7
608818848526761983,5
608802734816100351,4
608801793127743487,11
608845319819493375,3
608844326071435263,1
608803251218808831,4
608802394288947199,5
608819003346911231,4
608798060666945535,8
608796170814226431,5
608818985093300223,5
608801880285380607,1
608798189784399871,2
608802089497264127,2
609312413535174655,9
608802374844153855,1
608802695356088319,1
608797033079242751,5
608802798233976831,1
608802082954149887,4
608796019299188735,1
608801903102394367,24
608801887919013887,2
608801794251816959,8
608802384692379647,2
608802655208210431,2
608801908370440191,1
608802659016638463,1
608803219979632639,1
609290387349045247,10
608801804855017471,1
608801797372379135,1
609312120403656703,2
608796156318711807,3
608797059000041471,3
608801885503094783,5
609313440837664767,1
608802444016615423,2
609312823050239999,1
609312832630030335,2
609312835297607679,1
608819050474110975,1
608806844680372223,1
608802352144580607,1
608795912596094975,1
608803249037770751,12
608801938233884671,1
608795772992880639,1
608798061640024063,5
608796184839979007,3
608801942545629183,4
608797280459292671,12
608797280492847103,3
608845304116019199,2
608802431651807231,2
608802792580055039,1
609312259319005183,8
608802772262846463,1
608802656734937087,2
608802374860931071,2
609312891769716735,1
608803351882104831,3
609312290054864895,1
608798028706349055,7
608807109626167295,1
608807082698735615,1
608811054218084351,5
608801790560829439,3
608803217697931263,4
608818974003560447,3
608803250480611327,1
608811054436188159,2
608802921261301759,1
608802922284711935,1
609312239169568767,2
609311980867551231,1
609312385483669503,1
608802409220669439,2
608795882212556799,4
608801910434037759,9
608802735604629503,3
608802389457108991,1
608802441550364671,2
608802706798149631,2
608798164954120191,2
608802390111420415,1
608801901240123391,4
608803310593376255,1
608797083779989503,2
608819004319989759,2
609312317233954815,20
608803181945683967,1
608795882229334015,1
608795882900422655,1
608802094865973247,1
608795915129454591,1
608845309585391615,3
608803236891066367,1
608802050590900223,6
609312115890585599,2
608796058289438719,3
608802797093126143,1
608802032236625919,2
608802449402101759,6
609312859205140479,1
609312895041273855,2
609312888514936831,1
609312859473575935,6
608796052132200447,1
608802659821944831,1
608803282206326783,3
608801836211634175,4
609312823503224831,1
609312833720549375,1
609312888632377343,1
608807105918402559,1
608802707167248383,4
608798194196807679,1
609312330454401023,2
608802090755555327,1
608795744807157759,1
608803323646050303,3
608803316800946175,2
608802146388803583,2
608802784275333119,1
608797231503376383,7
609311980934660095,2
608802373065768959,2
609313169449418751,1
608798175624429567,3
608810912165396479,1
609313416493924351,1
608798158830436351,3
608802807092346879,1
608845436840574975,1
608798172772302847,4
608802448848453631,1
608797007611428863,1
608845289419177983,1
608802786825469951,9
608802720874233855,6
609312375534780415,2
608801840724705279,2
609313450232905727,5
608802806555475967,4
608802713727139839,3
608803331564896255,1
608796161368653823,1
608796055202430975,6
608796042552410111,1
608797257407397887,1
608801813193293823,1
609312431570681855,2
608845438937726975,1
608796523588747263,1
609312275509018623,3
609312833502445567,2
608802758069321727,1
608802758203539455,1
608818999857250303,2
609312294014287871,3
609312892910567423,1
609312891417395199,3
608803276938280959,1
609312889085362175,1
609312855866474495,1
609312821406072831,2
609312867291758591,1
608801900418039807,1
608801899444961279,5
608819007172116479,2
609312267657281535,1
609313452598493183,1
608796201482977279,3
608796033979252735,1
608798189549518847,1
608795912377991167,2
609290389060321279,5
608803258785333247,1
609312378688897023,1
609312283998289919,1
608819008413630463,1
608797059083927551,1
608801824031375359,3
609312100656873471,1
608803320290607103,1
608797033616113663,2
608803334131810303,1
608802431920242687,1
608802739211730943,3
608844369423761407,2
608801856914718719,2
608819015627833343,3
608795789887537151,1
608802364828155903,2
609312424641691647,1
608802941964386303,2
608802791036551167,3
609312287924158463,1
608802036917469183,2
608803275981979647,1
608801798446120959,1
608806841509478399,1
608806858706124799,1
608801961101230079,2
608802911295635455,3
608801944877662207,2
608801836563955711,1
608819094044540927,6
609313415067860991,1
608797296330539007,1
608797296380870655,1
608802444150833151,2
609290437714247679,1
608796017319477247,3
608802408851570687,1
608796017235591167,2
608802790818447359,2
609312869120475135,1
608802805079080959,1
608802406351765503,1
608803190854385663,2
609312421672124415,1
608801836295520255,1
609312274552717311,1
608819022657486847,4
608797052624699391,1
608812145156554751,2
608797095591149567,3
608812145240440831,1
609312362129784831,1
608806848488800255,2
608819024939188223,1
608802088389967871,6
608801900669698047,2
608802048762183679,3
609312001889402879,1
608803235330785279,1
608801798395789311,1
608811054620737535,1
608797009272373247,1
608797088829931519,1
608819002122174463,1
608796196365926399,1
608802456045879295,1
608802443060314111,2
609313450014801919,3
608797270678175743,1
608845473079361535,1
608845472693485567,7
608801858978316287,1
609312890091995135,1
608819191805378559,2
608803320156389375,1
608797281314930687,1
608797255276691455,1
608797029321146367,1
608802036732919807,2
609313449394044927,1
609313409531379711,2
608803001926156287,1
608795915112677375,2
608798050785165311,1
608802386051334143,2
608819013883002879,1296
608818978701180927,2890
608803205551226879,510
608801865806643199,950
608819019167825919,1361
608819089447583743,770
608845296448831487,2283
608803282256658431,590
609312270308081663,289
608819093272788991,2926
609312276565983231,359
608802941763059711,79
608802454636593151,987
608796062466965503,21
608802733054492671,72
608818926456930303,655241
608803208470462463,243
608819088222846975,552
608819012591157247,11663
608803211960123391,262
608801791450021887,1783
608818982694158335,3482
608819092433928191,1335
608797098678157311,109
608819019302043647,90
609313414782648319,57
608818999555260415,682
609312274720489471,3826
608801875201884159,1247
608801877953347583,749
608796507180630015,79
608801865924083711,684
608803285930868735,1178
608819013564235775,2039
608801817454706687,38
608798019311108095,396
609312407612817407,1227
608802941276520447,75
608803211792351231,636
608819042555265023,14
608801793782054911,804
608798055835107327,2147
608818968685182975,487
608818972325838847,631
609312412444655615,799
608818994874417151,66
608818998162751487,144
608803288464228351,519
608803209007333375,324
608801818176126975,2624
608845333006385151,7877
608801813293957119,1310
608801792137887743,164
608819094111649791,254
608818976486588415,407
608845333023162367,2558
608819051145199615,242
608802258225725439,273
608801843811713023,674
608801805425442815,343
608818972208398335,192
608802081578418175,228
608802376840642559,33
608803219946078207,871
608801860169498623,1178
608801834617798655,969
608818973399580671,6778
608818997491662847,1251
608819092098383871,257
608802661986205695,120
608801842956075007,53
608818969456934911,351
609312375299899391,133
608818979506487295,223
608818977107345407,1767
608818973248585727,2779
608803205383454719,425
608802640612032511,1012
608803237092392959,34
608818980395679743,4499
608802626787606527,4
609312274988924927,505
608801816884281343,63
608798016442204159,795
609312274401722367,12598
608798021760581631,1007
608802664737669119,76
608819017188114431,4858
608819088155738111,834
608801874094587903,7
608802090554228735,219
608803202581659647,799
608819044853743615,26
609312274770821119,1443
608819020510003199,154
609312276867973119,290
608819012658266111,7019
608819093172125695,973
608803237209833471,1035
608802046514036735,71
608801907900678143,598
608819021986398207,228
608798061052821503,96
608819094312976383,124
608802798032650239,144
608798038286139391,271
608802687806341119,66
608802649973719039,74
608803200618725375,1380
608801814401253375,1732
608818978835398655,1997
608801788983771135,1386
608818926490484735,399
608802938407616511,36
608845298881527807,1874
608819073173684223,582
608819005209182207,596
608801871863218175,3146
608801856075857919,202
608796868561862655,185
608803206088097791,229
608798165306441727,368
608798162622087167,471
608798169265864703,67
608802622257758207,5
608818985546285055,9518
608819083357454335,1445
608803201155596287,1598
608818995176407039,1110
609312272740777983,646
608801856528842751,41
608819037857644543,6
608818978147532799,1413
608801842939297791,497
608803218704564223,298
608801901659553791,1005
608802700104040447,35
608819090085117951,314
608801832621309951,123
608802639034974207,49
608818971956740095,4770
608801787775811583,3893
608803204745920511,871
609313165691322367,18
608819087669198847,1117
608819025325064191,1632
608819019151048703,517
608819089380474879,359
608818981855297535,254
608803191206707199,48
608803202078343167,134
608803237763481599,25
608845333123825663,792
608802083423911935,1261
608819073878327295,452
608803211993677823,520
608801794100822015,2176
608819059651248127,612
609312240209756159,94
608801839701295103,346
608818986183819263,319
608797949215899647,24
608819094380085247,227
608819060154564607,157
608802644454014975,1233
608801787675148287,232
608796868880629759,448
608819094279421951,737
608801832721973247,1517
608802390547628031,406
608803199461097471,177
608802629438406655,380
609312288444252159,100
608844285319577599,607
608803282055331839,319
609312265157476351,53
608819083458117631,347
608801858927984639,934
608802700322144255,125
608802636199624703,312
608798148210458623,9645
608819020895879167,155
608818998447964159,2297
608801830893256703,2006
609312412260106239,544
608818999236493311,1078
608803199880527871,459
608803201507917823,87
608818980831887359,1727
608795741401382911,37842
609312272690446335,28
608818976151044095,1967
608801787507376127,65399
609312275475464191,670
608819014788972543,269
608818976939573247,1990
608801830691930111,1072
608801810643156991,7309
608802239535906815,1295
608818993314136063,745
608803206071320575,85
608803199947636735,218
608797064838512639,570
608803211658133503,135
608798043470299135,85
608818971067547647,509
608819092601700351,1776
609312411119255551,455
608798162856968191,264
608796125029203967,18
608802636216401919,1297
608818973265362943,271
608795744387727359,17
609312351191039999,63
609312152766906367,233
608802994040864767,19
608802632693186559,45
608797281432371199,2
608818986620026879,240
608802239737233407,922
608802386219106303,18
608845331295109119,1037
608818998548627455,1348
608802633783705599,1540
608801875973636095,66
609312152162926591,251
608801789856186367,874
608801861863997439,65
608818984791310335,144
608819079632912383,2485
609312373353742335,103
608801860102389759,271
609312284786819071,666
608819004789751807,202
608802657489911807,73
608802621234348031,43
608798013590077439,41
608801861830443007,451
608802710153592831,3
608802376605761535,135
608818988230639615,98
608801861159354367,1145
608802239603015679,732
608844344476041215,406
608795743800524799,49
608803218134138879,64
608801961352888319,26
608845330875678719,686
608801840137502719,87
608798039712202751,7050
608797283814735871,1
608802657926119423,43
608818998833840127,17863
608801844600242175,1188
609312294064619519,134
608801817471483903,800
608844285722230783,1769
608801873826152447,813
608802590666260479,15
608803197850484735,374
608802343219101695,606
608796872017969151,71
608796042334306303,11
608802337917501439,10
608819079498694655,285
608818986133487615,497
608818981251317759,89
608818980496343039,410
608818977359003647,819
609312288964345855,28
608819046497910783,150
608801859917840383,868
608801874883117055,1253
608818927178350591,293
608818985730834431,967
608802625042776063,30
608802383064989695,4
608796051964428287,35
608819071563071487,278
608819084565413887,788
608818969960251391,81
608801859901063167,534
608803201776353279,112
608801858676326399,615
608801858525331455,677
608802343135215615,74
608819016919678975,855
609312078175404031,27797
608795744320618495,13
608802246968213503,52
608801842788302847,946
608818994773753855,115
608818971805745151,1230
608802798552743935,251
608818986687135743,269
608798054375489535,126
608818998817062911,15353
608819017506881535,155
608844345449119743,130
609312276700200959,372
608819080840871935,160
608801817941245951,110
608819087635644415,433
608819005259513855,676
608801860505042943,49
608802015711068159,32
608803197179396095,16
609313414816202751,85
608802028310757375,23
608802247706411007,113
608802210444214271,117
608803197833707519,162
608819041900953599,325
608798185086779391,1
608798192988848127,1
608818925752287231,1613
608803236974952447,5
608798061673578495,53
608798165658763263,6
608803213872726015,394
608803219409207295,526
608798008204591103,87
608798052144119807,62
608798159669297151,41
608801809904959487,37
608803279219982335,35
609312380047851519,150
608803219174326271,37
608818971990294527,457
608819060171341823,88
608802015744622591,310
608819045222842367,61
608802238646714367,10
608802361137168383,9
608819057973526527,36
608818926809251839,126
608796173230145535,568
609290387147718655,84
609312406136422399,71
608801796382523391,112
608819014856081407,1125
609313413692129279,178
609312412511764479,98
608803269187207167,306
609290387449708543,33
609312238917910527,35
608798056975958015,341
608798038135144447,27
608802034367332351,641
609313168979656703,166
608798028739903487,7
608798037849931775,68
608803197800153087,42
608818967930208255,2058
608801801868673023,80
608803004325298175,66
608803005717807103,130
608801901575667711,2202
608802235761033215,159
608801856193298431,123
608798150055952383,39
608798039678648319,122
608818997642657791,136
608802389239005183,304
608802227372425215,42
608798149972066303,33
608798162437537791,571
608802796841467903,72
609313168761552895,55
608818927748775935,153
608803197229727743,63
608803197867261951,21
608803276418187263,108
608801804553027583,84
608798181865553919,128
608797099550572543,47
609312411807121407,224
608798180271718399,30
608801927731347455,18
608801842419204095,28
608802202206601215,171
608818998414409727,407
608818979590373375,778
608802393735299071,265
608798149938511871,20
608798175054004223,63
608802090302570495,29
608802641769660415,488
608796042418192383,8
608801839164424191,518
608801841647452159,597
608801810576048127,719
608803330793144319,13
608802627106373631,245
608798163628720127,46
608796118855188479,9
608802796656918527,73
608798052026679295,345
608802792982708223,106
608801791097700351,644
608819050373447679,190
608819014822526975,90
608802210544877567,184
608819018798727167,32
608798022582665215,99
608803271334690815,326
609290389848850431,70
608802710304587775,176
608801797607260159,176
608819055540830207,547
608803233485291519,46
608819071831506943,110
608803189126332415,78
608801877936570367,965
608797068680495103,70
608801806297858047,107
608802590917918719,104
609312239656108031,60
608819005595058175,342
608802700355698687,55
608803285360443391,278
608819044887298047,201
608801861931106303,26
608802633079062527,760
608802441063825407,74
609312351325257727,91
608802698627645439,148
608801819635744767,41
608802344158625791,153
608801858491777023,38
608802090285793279,382
608818993431576575,17
608802928257400831,63
608803247796256767,8
608802786506702847,6
608802798217199615,45
609312277119631359,299
609312271868362751,123
608795741468491775,745
608802632525414399,60
608802395899559935,66
608797075861143551,44
609313450031579135,242
608802789610487807,54
609312412142665727,263
608818973013704703,551
608819051816288255,23
608802661818433535,17
608798182117212159,19
608801810357944319,124
608801885251436543,4
608803265546551295,78
608802636417728511,427
608801805157007359,388
609312426420076543,66
608801878037233663,44
608802636333842431,390
608801797590482943,128
608795758866464767,10
608801884664233983,6
608801794402811903,151
608819042723037183,260
608802784996753407,13
608802763505139711,41
608798023505412095,77
608802243243671551,58
608818994337546239,105
608802256397008895,2
608845301331001343,430
608803217798594559,64
609312238515257343,119
608797097956737023,47
608801844566687743,102
608819018899390463,384
609312380114960383,69
609312293326422015,113
608802244267081727,74
608819021617299455,216
608802639957721087,4
608811052943015935,12
609312294232391679,116
608801887415697407,18
608818979389046783,317
608802640746250239,4
608818987039457279,3
609313450484563967,32
608802389910093823,242
608801808327901183,56
608798056170651647,271
609312361844572159,22
608797083108900863,1
608845298009112575,184
608803231606243327,91
608801965261979647,11
608802450559729663,178
609312277002190847,205
608802441030270975,18
609312345805553663,19
608801861981437951,37
608797092621582335,31
608818857888448511,368
608803233904721919,36
608801840439492607,24
608802243143008255,97
608797086816665599,42
609312312922210303,14
608801789990404095,29
608797051601289215,7
608818999051943935,97
608845333375483903,58
608796196063936511,59
608802706965921791,230
608796868964515839,217
608844342194339839,20
608797014070657023,177
608798044980248575,109
609312289098563583,11
608802713240600575,187
608802709146959871,76
608844353871282175,14
608801868105121791,13
608802441583919103,17
608819005343399935,46
609312409777078271,287
608819020493225983,763
608802387074744319,115
608801789000548351,150
608801809938513919,62
608844268240371711,118
608802666734157823,56
609312330823499775,3
609312336762634239,17
608801798311903231,142
608798010201079807,49
608819014470205439,113
608818993213472767,39
608803200652279807,472
608803196323758079,224
608844285453795327,7
608802393802407935,193
608802017439121407,100
608802377041969151,163
608798185288105983,32
608798030920941567,67
608798057865150463,15
608798043386413055,3
608802081964294143,468
609312350771609599,28
608798146566291455,67
608802943440781311,38
608798010503069695,9
608798007785160703,127
608801978079772671,26
608801813797273599,11
609312360770830335,19
608801811498795007,215
608801805291225087,208
608801807438708735,26
608802373820743679,107
608797067589976063,157
608801810123063295,153
608819002927480831,207
608796891445985279,22
608818909377724415,157
608803196558639103,42
608803311583231999,223
608811047876296703,11
608803202564882431,44
608798011425816575,150
608803215953100799,59
608803220449394687,7
608819049903685631,7
608802464098942975,25
608801789956849663,615
608845297925226495,25
608798038101590015,23
608803202715877375,37
609312152179703807,7
608798022230343679,20
608802641719328767,293
608819025778049023,1
608796987227111423,23
608803004107194367,44
608845301951758335,86
608819059751911423,303
608811996476866559,10
608797024942292991,82
608803200971046911,175
608798026189766655,4
608796986925121535,10
608802682387300351,39
608798039812866047,10
608818984573206527,202
608798025401237503,1
608818976536920063,316
608803185687003135,7
608802657791901695,17
608802034635767807,53
608818979791699967,132
608818974372659199,40
608845332586954751,16
608802017707556863,34
608818996199817215,60
609313163761942527,63
608802648027561983,42
608803196676079615,88
609312275341246463,2
608819045206065151,34
608844352763985919,77
608818968383193087,42
608818925383188479,23
608801797103943679,30
608798040433623039,196
608819073106575359,205
608802584928452607,86
608818990193573887,33
608796045303873535,8
608798146968944639,24
608818969406603263,144
608798163997818879,115
608802943172345855,89
608798147002499071,42
608845292623626239,35
608819013111250943,50
608818979439378431,46
609312376071651327,21
608798164031373311,47
608802462807097343,43
608796197657772031,29
608802094798864383,32
608802717971775487,2
609312266969415679,78
608797951061393407,47
608798057512828927,13
608801809535860735,108
608801808025911295,4
608798182888964095,2
609312825499713535,17
608803000432984063,9
608796033996029951,2
608802083491020799,154
608797068831490047,50
608819042504933375,23
608803202363555839,38
608819072603258879,120
609312264150843391,17
608801818981433343,32
608802798586298367,89
608803270613270527,9
608801860370825215,173
608801789151543295,8
608810916879794175,1
608797034169761791,49
608797281331707903,17
608818973449912319,235
608797015312171007,41
608802721008451583,13
608796983116693503,6
608818974339104767,67
608797028515839999,7
608797269520547839,3
608807113635921919,20
608797033179906047,35
608796035489202175,60
608801811599458303,75
608807127527456767,13
608802736124723199,16
608798043805843455,14
608796986992230399,18
608798182419202047,20
608798149837848575,26
608797270141304831,4
608798152320876543,30
608806856508309503,2
608797018080411647,8
608810914480652287,3
608803196759965695,1867
608797104399187967,37
608802445811777535,91
608844345969213439,17
608797035579047935,30
608796198161088511,14
608801961604546559,21
608802657204699135,15
608802017690779647,29
608801944642781183,31
608802378753245183,49
608802992514138111,64
608803203286302719,4
608801819769962495,23
608801964993544191,27
608801809267425279,39
608801835926421503,7
609312122601471999,54
609313163325734911,46
608818852754620415,2
608802639102083071,48
608802785382629375,4
608797280476069887,7
608802455911661567,97
608803275361222655,15
609313441508753407,38
608819090152226815,79
608801839181201407,31
608803197565272063,170
608801954189017087,22
608802050607677439,18
608796872051523583,76
608819014654754815,134
608799919834136575,55
608819003783118847,19
608798060885049343,138
608819005645389823,1230
608802441281929215,20
608801804586582015,265
608803208537571327,30
608798171346239487,26
608798013623631871,11
608819003934113791,296
608797015144398847,48
608802726091948031,67
608802682521518079,30
608796049934385151,26
608798158998208511,39
608801811800784895,61
608807114239901695,33
608796868209541119,36
608801841060249599,84
608796052719403007,32
608802407660388351,82
608801862233096191,134
608818986552918015,31
608802407442284543,21
608797068277841919,21
608798057781264383,7
608798172218654719,17
608802635645976575,135
609313418020651007,5
608807117813448703,8
608796516894638079,2
608796047921119231,28
608802339964321791,11
608798147489038335,2
608796064564117503,15
608795918065467391,11
608798055113687039,23
608798019260776447,30
608818976167821311,439
608797254236504063,5
608802091762188287,12
608801856864387071,8
608801904830447615,16
608819012708597759,27
608818997726543871,22
608803233082638335,90
609312253631528959,30
609313418389749759,52
608802631938211839,19
608798178023571455,62
608803004056862719,2
609311982947926015,3
608844329678536703,9
608844367678930943,4
609312391624130559,53
608803003687763967,8
608802657976451071,16
608818995277070335,4
609312134328745983,9
608819094010986495,92
608844370396839935,8
609312018196856831,3
608801805626769407,73
608803212027232255,73
608803000483315711,28
608802700909346815,14
608818910384357375,26
608802027874549759,36
608818995226738687,45
609312377514491903,184
608819072854917119,6
608819003984445439,14
608801972711063551,1
608802627005710335,40
609313417081126911,9
608801905618976767,121
609313168325345279,90
608818979288383487,12
608803200383844351,100
608803207027621887,5
608844285822894079,173
608802939129036799,14
609313431157211135,2
608807127074471935,13
608801817672810495,49
609312104985395199,15
608798157773471743,6
608803213805617151,8
609313422785380351,29
608796909649264639,30
608801910517923839,8
609313418423304191,47
608798056673968127,46
608801807942025215,48
608802655342428159,189
608803211473584127,51
608818985294626815,4
608795771768143871,12
609312294333054975,1
608802366824644607,2
608802616603836415,74
608802687839895551,95
608802657120813055,10
608818994270437375,20
608803233770504191,26
608818978583740415,119
608802761458319359,29
609312052019724287,6
608803197699489791,13
608801931590107135,4
608801792037224447,23
608795740176646143,77
608802212759470079,33
608798029327106047,7
608803218251579391,106
608802212675583999,50
608819014554091519,284
608802032823828479,34
608802709952266239,9
608798039343103999,4
608818971939962879,34
609313413591465983,27
608795743297208319,17
608801962762174463,6
608802212843356159,41
608803231589466111,40
608802161018535935,1
608803201071710207,13
608811998859231231,9
608797005396836351,193
608807127259021311,9
608803352486084607,204
608818925618069503,17
609312122651803647,238
608795745209810943,8
608802932854358015,16
608799904013221887,9
608819055305949183,38
609312823771660287,1
609312821204746239,1
609312903698317311,1
609312407696703487,19
608802894132543487,13
608807018894983167,1
608802201183191039,27
608802577747804159,16
608801841177690111,154
608795267931570175,6
608802210595209215,14
608819057939972095,201
608806839630430207,1
608807011697557503,5
608802211803168767,48
608803309251198975,22
609312825231278079,1
608803356361621503,17
608796207640215551,3
608802739446611967,365
608802759629602815,6
608819001753075711,16
608802220527321087,36
609312259788767231,26
608802735654961151,57
608803352351866879,17
608819024872079359,2
608818985026191359,5
608797033398009855,4
608845287506575359,16
609312373404073983,89
608802386151997439,51
608802999023697919,4
608801955111763967,11
608802943356895231,77
608798172050882559,10
608802798485635071,47
608819022288388095,15
609313410370240511,10
609313413725683711,197
608802230627205119,53
608803351311679487,2
608802364341616639,27
608802640293265407,108
608801789688414207,7
609312290105196543,36
608818989170163711,72
608797013684781055,75
608801927194476543,26
608802970418544639,13
608798148696997887,14
608803206859849727,125
608818995293847551,20
608819051682070527,3
608803278582448127,4
609313439310938111,59
609312343137976319,68
608802450207408127,34
608802441013493759,27
608819003095252991,162
608803167768936447,27
609312345151242239,19
609312001688076287,81
608798022213566463,6
608845297640013823,16
608803213604290559,35
609312390651052031,33
609312373857058815,11
608798033890508799,7
609312076917112831,18
608797022828363775,2
608797027223994367,6
609313413675352063,86
608807123635142655,20
609313415252410367,2
608799919095939071,26
609312284635824127,22
608802213816434687,23
608801944105910271,46
608802892454821887,7
608803278397898751,12
608802373099323391,35
608803211591024639,23
608818967376560127,211
609313415302742015,6
608802892270272511,13
608795270263603199,39
608795270548815871,12
608803063683088383,27
608818991300870143,161
608802636031852543,18
608801880503484415,12
609312312938987519,17
608802212574920703,38
609312386809069567,3
609312319985418239,40
608801858407890943,21
609312313744293887,2
608802446700969983,19
609313416376483839,29
608796196735025151,7
608798150123061247,30
609312272656891903,33
608807114323787775,15
608844345583337471,2
608802086175375359,23
608802239015813119,31
609313167973023743,9
608797100104220671,17
609313414111559679,25
608801799284981759,43
608844353518960639,36
608802789727928319,283
608807058774425599,12
609312313006096383,7
609312392177778687,50
609312386825846783,2
608802649688506367,9
609311984659202047,1
608798054207717375,12
608802942518034431,23
608797284703928319,7
609312272472342527,12
608797270476849151,8
608845331949420543,52
608818970094469119,26
608798020837834751,19
608819072737476607,314
608803351915659263,9
608798147942023167,1
608802440174632959,27
608796871900528639,11
608796017806016511,28
608797069066371071,218
608798173812490239,48
608844345902104575,22
608797270560735231,9
609312293007654911,16
608803177113845759,59
608803283296845823,60
608819020694552575,10
608798181848776703,37
609312272925327359,34
608819045424168959,74
608818991535751167,6
608801857199931391,21
608797067791302655,16
609313451977736191,17
608802638816870399,14
608796065201651711,13
608803220130627583,82
608795779234004991,8
609312238431371263,14
608803213369409535,86
608795779015901183,6
609312267623727103,10
608802655292096511,115
608802702368964607,1
609312288024821759,29
608798014697373695,14
609312426386522111,18
608797014624305151,63
608818987274338303,209
608797298259918847,4
608802385464131583,1
608801900401262591,56
609313166194638847,44
608818973701570559,47
608801806029422591,22
608801861746556927,21
609312121812942847,62
608798063217082367,16
608801972929167359,15
608802633045508095,127
608818990294237183,17
608802371656482815,4
608845292288081919,28
608802372075913215,4
608801882449641471,2
608802793922232319,12
608819203733979135,4
608802341155504127,7
608802892488376319,8
608795286503948287,3
608803209728753663,3
608797231520153599,68
608801864934227967,28
608801877668134911,10
608802789459492863,206
608819072703922175,36
608802702251524095,14
608802761391210495,5
608798026693083135,17
608807113736585215,25
608807124155236351,2
608802938676051967,27
608801840238166015,22
608803008821592063,3
608798061958791167,8
609312259956539391,3
608803201658912767,5
608798177637695487,21
608796102296076287,19
608802230543319039,29
609313165473218559,15
608802717283909631,14
608801843794935807,181
608819060272005119,16
608798055734444031,24
608798188173787135,1
608802932099383295,5
608802048929955839,36
608802658748203007,20
608796052266418175,3
608803190938271743,28
608803007781404671,3
608797028599726079,40
608844268190040063,44
608796071895760895,36
608819037723426815,6
608807113837248511,23
608819087836971007,18
608796195376070655,7
608819079112818687,2
608803235112681471,4
608811037138878463,9
608796980784660479,2
608803310811480063,17
608801842469535743,25
608819023882223615,19
608801899562401791,14
609312253061103615,14
608803198303469567,20
608819044551753727,17
608796898106540031,13
608818996300480511,2
608801819837071359,49
608803167315951615,31
609313448739733503,20
608818970648117247,31
609312430111064063,31
608811050040557567,13
608801844281475071,12
609312077202325503,20
609290389949513727,54
609312001839071231,18
608798165105115135,8
608796055269539839,44
608796175360851967,2
608795286571057151,7
608801856965050367,2
609313166295302143,21
608795270079053823,6
608802015694290943,9
608802082970927103,7
608801888992755711,1
609312823637442559,1
608802785047085055,35
608801862132432895,27
608803327454478335,2
608819046984450047,1
608803311751004159,12
608802785063862271,2
608845300357922815,136
608798150089506815,19
608801840003284991,37
608795740075982847,2
608803218872336383,4
608801789017325567,3
609313169566859263,6
608819020728107007,22
608819092400373759,9
609312414306926591,31
608801810760597503,22
608798164819902463,23
608818984858419199,91
608802238311170047,9
608802218396614655,32
609312312955764735,7
608801894093029375,15
608796858411646975,4
609312077856636927,4
609312117048213503,35
608802374693158911,1
608819056379691007,23
608799922031951871,2
608801830423494655,11
608798052915871743,3
609312407847698431,3
608802393483640831,9
608802584693571583,25
608801808562782207,11
608803286685843455,14
608801790695047167,18
608795934154817535,15
608802727283130367,38
608807126436937727,57
608845287607238655,20
608802220057559039,6
608802789325275135,15
608811053765099519,6
608801835137892351,9
608798326871031807,1
608802215578042367,2
609290387567149055,35
608845318812860415,9
608795797353398271,4
609290390016622591,9
608818981972738047,17
608802256346677247,14
608796173985120255,10
609312361609691135,6
609312267556618239,16
608811047842742271,10
608795744907821055,5
608798028723126271,2
608803310442381311,2
608795744874266623,2
609312289618657279,3
609312283444641791,7
608796183044816895,4
608797231687925759,3
608802389926871039,130
608795933601169407,6
608802705137205247,14
608798010402406399,12
608797029388255231,12
608802039182393343,1
608796991085871103,3
608802807629217791,1
608795790189527039,1
608844284698820607,3
608801887835127807,4
608802579442302975,1
608803271670235135,1
608802163468009471,4
608799919884468223,14
608819060003569663,9
609312394342039551,18
608844362712875007,4
608844347596603391,3
608802028545638399,44
608798013220978687,1
609312380265955327,261
608801844432470015,2
608802999761895423,3
609312122517585919,9
608802033780129791,8
608801867232706559,14
609313434579763199,9
608819019838914559,18
608798157723140095,23
608798157102383103,5
608802625982300159,10
608803286283190271,2
609312820181336063,3
608803286518071295,1
608819073341456383,2
608802385246027775,22
608803282676088831,15
608811996527198207,3
608811998641127423,1
608803286652289023,12
608796123921907711,9
608802668076335103,25
608819045021515775,6
608802791103660031,27
609312858383056895,9
608795766365880319,3
608802254249525247,2
608803172097458175,5
608802892790366207,1
608797081498288127,2
609311978350968831,6
608819002273169407,119
608801830910033919,11
608798051456253951,10
609312856017469439,2
609312904033861631,1
608802162142609407,1
609312889924222975,1
608802451667025919,10
608802713743917055,9
608797101161185279,3
608797035780374527,4
608801819585413119,10
608819058241961983,9
608802243713433599,20
608798040332959743,3
608798193592827903,12
608795285883191295,7
608802463427854335,4
608845317185470463,4
608795776700645375,1
608801805962313727,3
608802163853885439,4
609312379259322367,6
608796196768579583,3
608819003212693503,3
609312379057995775,15
608801904696229887,1
609312373068529663,3
608796204569985023,4
608802720840679423,6
609312373555068927,3
608796862085857279,7
608802247102431231,28
608802716445048831,1
608796165999165439,23
608802687487574015,7
608802089514041343,43
608818985160409087,3
608798029394214911,5
608802446851964927,8
609290389261647871,11
608802703023276031,10
608801839583854591,16
608802626082963455,1
608803355489206271,11
608807055855190015,6
608807126403383295,12
608819073324679167,2
608801875386433535,12
608798156229967871,1
608795273317056511,11
608802163384123391,1
608811998976671743,5
608802385078255615,4
608796920604786687,2
609312263731412991,7
608802788704518143,9
608796935117078527,1
608796524628934655,3
609313413943787519,76
608802385195696127,2
608819040827211775,6
608807053003063295,4
608802736158277631,8
609312052355268607,3
609313169013211135,6
608802718340874239,12
608796139273060351,2
608818984539652095,14
608818991586082815,5
608801862014992383,133
608801905937743871,6
608796180545011711,6
608798147807805439,2
608797280979386367,4
609312394576920575,1
608818981402312703,14
608796126975361023,1
608803287524704255,15
608803001422839807,4
608796170126360575,10
609313451893850111,12
608807123618365439,9
608818979422601215,15
608818987106566143,5
608802705153982463,4
608796090971455487,4
608811996778856447,8
608798189851508735,7
609312121359958015,23
608818981888851967,4
608801816464850943,2
608801890855026687,2
608845317252579327,7
608796124777545727,25
609313163392843775,6
608802034719653887,1
608819023496347647,2
608801810743820287,3
609312429054099455,23
609290387164495871,4
608802783788793855,7
608801808059465727,6
608802081695858687,10
608802011567095807,4
608801892784406527,1
608796042602741759,3
608802621267902463,2
608803310358495231,13
608844325802999807,5
609312287605391359,3
608844371504136191,10
608844328772567039,1
608802797277675519,2
609312086094249983,1
608795918031912959,2
608802893847330815,3
608797097604415487,3
609312319901532159,3
608803331531341823,1
608803167164956671,36
608803310509490175,2
609313418926620671,2
608796045807190015,12
608796137444343807,3
608802755603070975,2
608801798681001983,2
608801910333374463,11
608802659788390399,2
608801910954131455,5
608797284653596671,4
608803336514174975,6
608802999342465023,32
608796912199401471,2
609311978233528319,2
608798179969728511,8
608802761491873791,3
608798029780090879,8
608798028807012351,8
608803311264464895,9
608798029041893375,2
609312263714635775,4
609312858936705023,1
609312120789532671,47
608801831597899775,1
608801907615465471,1
608801878288891903,2
608801834332585983,6
608803340456820735,5
609312001805516799,14
609312284518383615,5
608797061415960575,2
608802709281177599,2
608802441567141887,3
609311967949094911,1
609312380249178111,6
608802375297138687,1
608802451046268927,13
609312259302227967,14
608819005561503743,3
608819070740987903,2
608802681296781311,6
608796064664780799,5
608818982425722879,13
608801799335313407,1
608803340440043519,1
608801885905747967,9
608796196433035263,1
608803309553188863,5
608796027301920767,4
608801908856979455,5
608819024301654015,4
608798025703227391,2
608796026748272639,2
608803325709647871,6
608796105970286591,3
608797280895500287,7
608802790784892927,9
608802751610093567,1
608799919901245439,4
608796522967990271,4
609313419580932095,2
609313176713953279,6
608803340641370111,3
608798164836679679,3
608807119642165247,10
608844367695708159,5
608844329712091135,3
608801942428188671,7
608818993481908223,43
608845298411765759,1
608802990098219007,6
609313168862216191,1
608798175775424511,4
608798190640037887,2
608803339987058687,1
608798088601010175,3
608803268616781823,2
608802011583873023,4
608844379775303679,1
608801811230359551,44
608803323109179391,1
608801911021240319,2
608801911675551743,1
609312419776299007,10
608796908407750655,2
608845297673568255,2
608799902016733183,8
608845332704395263,8
609312888766595071,2
608802390581182463,1
608801879480074239,2
608798026760191999,5
608797269335998463,3
608797272875991039,2
608802407308066815,1
608802437020516351,2
608802407056408575,1
608797081229852671,1
608803325508321279,1
608802941830168575,1
608801887768018943,2
608798042815987711,11
608801910970908671,11
608798179567075327,4
609312893866868735,1
608795742575788031,7
609313406628921343,4
608818855841628159,1
608797034186539007,3
608845299267403775,3
608801833594388479,1
608802017925660671,1
608795286319398911,6
608796897569669119,1
608796184017895423,1
608796940032802815,7
608798026256875519,3
608802799341273087,2
608798018841346047,4
608802784526991359,4
608796167693664255,3
609313406729584639,1
608796155865726975,2
608796170730340351,2
608797051198636031,1
608798053956059135,2
608807137325350911,2
608803207044399103,1
609312104918286335,2
609312102737248255,1
609312102770802687,1
608844369574756351,5
609312104901509119,2
608802804542210047,2
609312860278882303,4
608802793502801919,1
609312417360379903,8
608802442355671039,2
609312416672514047,1
609312869942558719,1
609312855463821311,1
609312821355741183,8
609312854591406079,1
608801949155852287,1
609312339027558399,1
608795797118517247,4
608801980277587967,7
608819001719521279,2
608796523521638399,3
608798021743804415,4
608798157756694527,12
608802082803154943,4
608802702889058303,7
608845288966193151,7
608795760258973695,1
608803012277698559,1
608802337162526719,2
609312819946455039,1
608811036618784767,5
608796165579735039,5
609312017878089727,9
608802374877708287,1
608798040014192639,1
609312017844535295,5
608803327991349247,1
608801957326356479,1
608802712955387903,9
608802410529292287,2
608796054111911935,3
608802627223814143,12
608801972794949631,2
608802463276859391,2
608803268331569151,1
609312350587060223,2
608798019093004287,1
608801879983390719,3
609312427477041151,1
608799921729961983,1
608819044702748671,14
609312018716950527,2
608803325793533951,1
609312319381438463,2
609312431738454015,1
608801884781674495,1
608797020160786431,3
608802704097017855,2
609312078578057215,4
608802384625270783,1
608797102251704319,2
609313430234464255,2
608811996577529855,6
608797093158453247,1
608796019030753279,3
608796910051917823,1
608818986670358527,7
608819022070284287,1
608803309284753407,1
609312895058051071,1
609312379141881855,1
608802750519574527,2
608796526306656255,3
608803250497388543,2
608801928838643711,2
608796981002764287,1
608802638900756479,3
608802426786414591,1
608795772657336319,1
609313406545035263,2
608802089363046399,1
609312410330726399,8
609312051281526783,1
608796019534069759,1
608796051729547263,1
608802412945211391,4
608802407794606079,3
609312429372866559,4
608803354230915071,3
609313109118550015,6
609313434260996095,4
608797048346509311,2
608802790365462527,1
608819083776884735,1
608797052440150015,1
608801961017343999,1
608803014374850559,5
608819090454216703,2
608796123015938047,1
609313448991391743,2
608818985143631871,3
608807109659721727,1
608795269542182911,1
608844347344945151,4
608845468415295487,2
608803001271844863,15
608802939095482367,2
608802932837580799,5
608801827084828671,1
608802447489499135,5
608797092437032959,3
608844368115138559,2
608797098090954751,1
608803354214137855,1
609313433019482111,3
608803322136100863,1
608802623331500031,1
608802927854747647,1
608802894015102975,3
608798194297470975,6
608803251487244287,1
608802709448949759,2
608801927244808191,1
608802431584698367,3
609313440535674879,1
608803218838781951,1
609290420702150655,2
609290433050181631,1
608798052630659071,1
608801830306054143,3
608802390027534335,2
608801824115261439,4
608803309116981247,1
608802246666223615,2
608796127294128127,2
608802794660429823,1
608801871225683967,2
609312820449771519,1
608802210981085183,1
608801799872184319,1
608802412039241727,1
609313108766228479,1
608818848291880959,1
608845469354819583,1
608802151656849407,1
608802011315437567,1
608844326323093503,1
609312832814579711,1
608802625260879871,8
608818997709766655,2
608845317957222399,3
608801893925257215,2
608798055700889599,1
608803353962479615,1
609312373102084095,1
608802451314704383,3
609313434764312575,3
608802389809430527,2
608796067567239167,1
608802140114124799,36
608802163434455039,1
608801883204616191,2
609313435871608831,1
608802086208929791,1
608802618952646655,3
608845316866703359,1
608796087481794559,1
608803355237548031,1
608802761995190271,1
608796062752178175,1
608845309451173887,1
608802970133331967,2
608801790778933247,38
609313451306647551,1
608803202833317887,20
608803266318303231,1
608802162847252479,1
608845291231117311,1
608802091309203455,9
608797009960239103,2
608796165361631231,3
608803205266014207,7
608819094212313087,1
608802451146932223,1
609313451189207039,1
608795759453667327,1
608801899176525823,2
608797254320390143,2
608801900636143615,1
608801878221783039,1
608801835976753151,1
608796052635516927,1
608801907967787007,1
608818992995368959,2
609312319414992895,1
608796199100612607,1
608796156016721919,1
608802031263547391,2
608801885888970751,1
609312420078288895,2
608802038276423679,1
609312317217177599,1
609313434110001151,1
608803270462275583,1
609311961053659135,1
608802797931986943,1
608802756207050751,1
609313180639821823,1
608810914212216831,40
609311982696267775,1
608807123886800895,1
608807080651915263,1
608803256839176191,2
608802802226954239,1
608803007697518591,1
608801885368877055,1
608802361120391167,1
609312378621788159,1
609312079651799039,1
608795270095831039,1
608802455542562815,1
608844341909127167,1
609312429238648831,1
608806822349897727,1
609311978552295423,1
608819037555654655,1
609311980833996799,1
608819007071453183,1
609312153085673471,2
608803218671009791,1
608802631770439679,1
608845302220193791,1
608797194593501183,4
608801885754753023,1
609312892524691455,1
608818990344568831,1
608795770157531135,1
608845298344656895,1
608803327890685951,1
608803268566450175,1
608803171527032831,2
608802434470379519,1
608819019520147455,2
608796053088501759,1
608803251185254399,1
608845302018867199,1
608803284873904127,1
609312276968636415,7
609290388791885823,1
608798028521799679,1
608802443630739455,1
608798040131633151,1
609313435015970815,25
609312416303415295,9
609312117064990719,1
608797100993413119,1
608819049014493183,1
608819024804970495,48
608802749915594751,1
608818979070279679,580
608819012490493951,4347
608818979238051839,1411
608802584358027263,635
608801801566683135,527
609312270878507007,280
608801813981822975,204
609312152196481023,97
609312410968260607,179
608802231281516543,75
608802629186748415,1559
608844284111618047,337
608819012507271167,5973
609312001738407935,91
609312411857453055,2076
608801842821857279,1903
608801930868686847,93
608803202145452031,2289
609313430385459199,210
608818927480340479,964
608802092080955391,1294
608845333090271231,3789
609312152699797503,256
608818978130755583,686
609312276884750335,324
608818982308282367,1367
608803233233633279,1693
608801789252206591,5616
608845296432054271,2799
608819003850227711,306
608798021810913279,374
608802243746988031,2377
608802239435243519,1156
609312270777843711,895
609312119950671871,94
609312275391578111,540
608819016902901759,9288
608803271536017407,249
608801793949827071,614205
608801864732901375,99502
608801858307227647,1053
608801880268603391,664
608818973466689535,784
608801814451585023,1059
609312410817265663,1503
608819021600522239,759
608845301549105151,1651
609312410934706175,227
609312122366590975,840
609313452615270399,400
608801800996257791,1293
608802647423582207,1506
608818977577107455,474
608819044719525887,488
608802454452043775,750
608802375901118463,414
608801865521430527,2233486
608801790023958527,9182
608803231925010431,43
608819045357060095,371
608818982593495039,3118
608803209326100479,165
608818981754634239,3344
608803288564891647,1038
608798162387206143,467589
608801871729000447,4947
608801801600237567,2078
608819005007855615,164
608801813126184959,1781
608801843996262399,1207
608801789235429375,3894
609312294467272703,799
608819020224790527,953
608799919850913791,14
608801866158964735,313
608801791433244671,56
608798016559644671,307
609312412461432831,1940
608845330808569855,900
608819011584524287,248659
608819011467083775,111964
608819013698453503,2308
608803197263282175,1218
608819044786634751,140
608818982559940607,2016
608801842452758527,220
608801878876094463,68
608801843207733247,768
608801835406327807,1270
608802051077439487,82
608818999253270527,740
608802202038829055,8
609312277136408575,402
608802090772332543,167
608801794184708095,11255
608798017079738367,460
608819025610276863,3244
609312378487570431,966
608801924879220735,82
608818978634072063,1415
609313414749093887,104
608818982660603903,1305
608818973181476863,1196
608802209739571199,69
608802034618990591,2351
608801830759038975,1573
608802636484837375,647
609312291480928255,187
608819092450705407,1330
608801793966604287,101282
608818999035166719,2624
609312268731023359,44
609312292353343487,291
608818973298917375,2533
608802644521123839,448
608801866628726783,1670
608803202262892543,1508
608801790107844607,61813
608818993616125951,1018
608819014621200383,977
608819014050775039,1225
608801873322835967,915
608803234340929535,42
608818974506876927,279
608803201826684927,906
608819060456554495,494
608801800945926143,736
608818982861930495,6828
608802240240549887,932
608803218972999679,506
608818993330913279,315
609312407965138943,1591
608801832520646655,214
608801793933049855,41120
609312287202738175,130
609313414229000191,44
608802035122307071,479
608818988448743423,3802
608845313746141183,166
608801797808586751,812
608818976654360575,2924
608802454401712127,158254
608845296482385919,48996
608803220432617471,365
608819013413240831,10648
609312379024441343,1516
608802377159409663,654
608818993800675327,1284
608801818142572543,2683
608819019067162623,1848
608801805140230143,535
608801840808591359,1090
608802700590579711,275
608801865789865983,1286
608819088357064703,3932
608803211490361343,2587
608801866293182463,402
608802999057252351,46
608801974439116799,44
608796894331666431,24
609312408082579455,1850
608801811045810175,572
608818994354323455,1178
608802240257327103,470
608801832738750463,1229
608818968651628543,90
608802704684220415,63
608801894244024319,3
608803275579326463,882
608798162420760575,310
608818982274727935,1425
608796073288269823,1808
608797067757748223,39
608819024469426175,288
608803231555911679,28
608801842251431935,66
609313452715933695,130
608819042421047295,164
608802033058709503,685
608801820172615679,518
608802384910483455,77
608819089984454655,143
608801805224116223,161
608803217563713535,60
608798016375095295,421
608802636048629759,72
608818994152996863,955
608818997541994495,71
608845332721172479,12
608818997877538815,599
608802082685714431,1828
609312894437294079,44
608803211440029695,716
609312284820373503,181
608818993146363903,394
608797097554083839,258
608801811666567167,381
608801871292792831,1850
608818998951280639,1248
608801789705191423,116
608798152337653759,31
609313449008168959,1
608801861713002495,96
608845293714145279,53
608803196575416319,225
609312292168794111,443
608801804720799743,1502
608845331865534463,88
608802793100148735,217
608803270445498367,34
608819091259523071,176
608818980261462015,2685
608801871980658687,805
608818998380855295,557
608802664821555199,67
608803205182128127,689
608801857552252927,166
608818997323890687,266
608818982945816575,765
608844354055831551,65
609312410666270719,450
608801902817181695,624
608803232025673727,110
608802368670138367,16
608798183627161599,26
608801901256900607,133
609312410985037823,2707
608801900904579071,28
608802357697839103,64
608818926574370815,196
608818994404655103,1911
608819005058187263,209
608802385027923967,92
608818978550185983,26
608801874950225919,220
608818982828376063,205
608845330825347071,283
608801797842141183,180
608818994807308287,328
608818979120611327,1340
608802389993979903,201
608798044560818175,149
608818969020727295,538
608818993012146175,75
608803197649158143,333
608844342429220863,8
608801810257281023,119
608802682454409215,588
609312378034585599,48
608818979036725247,133
608798171312685055,45
608818977711325183,127
608819088910712831,4671
608845330858901503,513
608802337716174847,52
609312411052146687,701
608801857535475711,304
608819013648121855,1438
608818996216594431,51
608819094816292863,126
608802632827404287,265
609312360384954367,129
608818996619247615,450
608798162823413759,94
609312076933890047,30
608818969389826047,81
608803211674910719,633
608802385061478399,64
608802633213280255,152
609312361878126591,8
608801866796498943,141
608802046346264575,73
608798051942793215,238
608802455810998271,18
608819088055074815,637
608802716998696959,44
608802700389253119,424
608801820306833407,211
608803196155985919,181
608801866813276159,62
608803209678422015,2
608798175003672575,98
609313163527061503,269
608819074113208319,150
608802447523053567,29
608802239166808063,22
608802363267874815,40
609312076749340671,160
609312271717367807,64
608802017388789759,79
608802227926073343,49
608801856461733887,152
608818994421432319,276
608819020174458879,815
608802369794211839,50
608801809401643007,1435
608819016684797951,3864
608798043889729535,174
608803163473969151,4
608803197514940415,531
609312274317836287,293
608819090387107839,38
608801901927989247,97
608802798334640127,942
608818997089009663,53
608798174366138367,20
608803201994457087,213
608802218111401983,65
608803219308543999,467
608801860354047999,485
608803219274989567,28
608803207379943423,126
608798063116419071,40
608802238999035903,478
608802939028373503,9
608802999392796671,73
608845329869045759,166
608802386554650623,93
608801801449242623,82
608798162672418815,925
608802928559390719,130
608802797730660351,119
608801839365750783,170
608797083712880639,8
608819079481917439,226
608803269153652735,253
608845296767598591,134
608798054392266751,136
608798047547162623,63
609312253128212479,19
608819084699631615,565
608797080340660223,21
608844284329721855,521
609312273025990655,24
608802243780542463,245
608819080756985855,178
609312238381039615,14
608802713173491711,107
608802337732952063,24
608797050745651199,5
608818982576717823,488
608803265026457599,38
608802454418489343,138
608802713760694271,9
608845298092998655,142
608801800761376767,121
608802991440396287,11
608801789772300287,614
608818982442500095,73
609312406169976831,125
608795743867633663,658
608798021777358847,398
608818971134656511,2
608802584374804479,1147
608801874849562623,288
608801790627938303,44
608798058016145407,12
608803261385801727,22
608803199377211391,2396
608845318091440127,30
608803218150916095,261
608802342480904191,47
609312283411087359,336
608845296465608703,335
608802656399392767,12
608801820273278975,440
608798151247134719,1
608819073911881727,121
608819050339893247,87
608803202011234303,150
608802082702491647,184
609313450501341183,51
608802701328777215,163
608818996552138751,556
608798063435186175,82
608802622173872127,68
608818993179918335,241
608818995444842495,96
608819079565803519,200
608802636451282943,360
608801797875695615,53
608819045373837311,282
608796062332747775,30
608818968064425983,281
608802625009221631,5
608801800492941311,237
608802210729426943,182
608802664888664063,16
608801790594383871,1167
609312276498874367,1
608802701278445567,53
608799904751419391,22
608801857501921279,63
608802256380231679,20
608802638145781759,88
608803206893404159,9
608819004521316351,124
609312133825429503,305
608802631451672575,139
608819004051554303,12
608845295794520063,23
608819071579848703,307
608802625462206463,38
608798021156601855,259
608803202866872319,709
608802665861742591,38
608803004090417151,46
608803219795083263,104
608803287776362495,140
608801873993924607,69
609312271146942463,403
608819083592335359,425
608801810324389887,208
608802700221480959,107
608802361053282303,58
608845295391866879,319
609313434713980927,12
608798045382901759,139
608802726075170815,44
608801789185097727,160
608798148428562431,41
608818972124512255,642
608818970497122303,18
608803211976900607,271
608818978415968255,160
608802241331068927,48
608801964641222655,28
608803283900825599,165
608801901340786687,3979
608795917931249663,30
608802034920980479,18
608819019889246207,22
608802231214407679,101
608798022448447487,3
609312287487950847,159
608796986958675967,35
608796164740874239,33
608798148076240895,70
608798022196789247,440
608801979958820863,23
608819018815504383,24
608818968366415871,491
608802238982258687,513
608797018097188863,110
608818970211909631,96
609312274955370495,243
608796051058458623,34
609312373336965119,23
608796050471256063,34
609312242827001855,68
608801964792217599,27
608801959910047743,31
608801942595960831,53
608802631367786495,50
609312305557012479,53
608802688041222143,52
609312001704853503,37
608802082283061247,724
608803216003432447,36
608801814518693887,78
608802785600733183,24
608818969037504511,353
608801831144914943,135
608801810626379775,148
608818971117879295,269
609312264687714303,10
608802894115766271,19
608802687722455039,24
608803245816545279,34
608802244317413375,114
608819055742156799,112
608801859548741631,104
608818909411278847,135
608802209370472447,518
608802694332678143,39
608803246353416191,16
608844345465896959,64
608798019143335935,324
608803198454464511,23
608803197380722687,270
608845299871383551,90
608819090286444543,164
608803282323767295,131
608798037917040639,32
608797086783111167,49
608802701144227839,75
608802386588205055,72
608802794274553855,226
608802393399754751,133
608802034937757695,71
609312821473181695,8
608803206457196543,1
608797281667252223,123
608797104566960127,2
608798179885842431,70
608802798066204671,85
608819093910323199,71
608798052513218559,3695
608819079549026303,118
608802793569910783,149
608801892801183743,53
608819084078874623,41
609312410263617535,54
608797067405426687,24
608803275898093567,38
608797101614170111,129
609312276247216127,398
608844353988722687,46
608803200115408895,44
608802243881205759,62
608801808294346751,159
608796988888055807,94
608802444922585087,64
608802453646737407,1103
609312289065009151,75
608801808462118911,144
608796015541092351,13
608796161335099391,21
609312413954605055,115
609312263295205375,15
608819025945821183,10
608798193743822847,8
608798166212411391,82
608798056959180799,55
608801930281484287,70
608798148495671295,23
609312414340481023,56
609312262791888895,88
609312262758334463,252
608818979741368319,67
608845298243993599,80
608803303060406271,21
609312077017776127,127
608798040416845823,173
608819014587645951,67
608803299218423807,17
608801927781679103,34
608801888489439231,4
608818969691815935,41
609312235948343295,39
608798056892071935,1
608819024888856575,107
608801960631468031,47
608801960346255359,33
608798042279116799,110
608802386705645567,17
608818972913041407,28
608802220762202111,137
608803196525084671,76
608819044987961343,180
608802940588654591,10
608799919045607423,26
608802248864038911,128
608819089397252095,8
608802384658825215,4
608796989240377343,2
608796124626550783,7
608802734698659839,93
608845297036034047,13
608802218379837439,78
608798052295114751,750
608801879077421055,80
609312375199236095,9
609312409877741567,66
608797069687128063,5
608798174399692799,120
609312380182069247,72
608798022884655103,76
608818996820574207,294
608803236991729663,4
608802247807074303,151
608798038034481151,30
609312122349813759,47
609313168157573119,105
609312271113388031,36
609312430715043839,17
608801860823810047,33
608803200719388671,65
608795743347539967,41
608798044023947263,174
608802668428656639,605
608844344526372863,86
608802385011146751,18
608802793116925951,155
608801790795710463,33
608802941310074879,44
609313178894991359,4
609312121611616255,35
608803207430275071,234
609311980079022079,3
609312001906180095,18
609312291581591551,19
608802687957336063,89
608803326716280831,80
609312412478210047,2
608801867568250879,22
608818911105777663,80
608801862652526591,121
608819085622378495,181
608802621200793599,3
608818986754244607,79
608803282592202751,9
608818987710545919,198
608802892857475071,2
608803220046741503,25
608798042547552255,83
608802924734185471,1
609312822026829823,9
608803201608581119,26
608803326229741567,203
608801868474220543,222
608797102218149887,57
608802393567526911,1
608796199788478463,1
608818973919674367,74
608801859565518847,62
608818982073401343,356
608802393684967423,1
608819091846725631,189
608803309066649599,28
608796935570063359,19
608845297539350527,182
608819043209576447,36
608803309301530623,99
608797035713265663,32
608802709314732031,7
608845301532327935,26
608797068479168511,15
608802407492616191,13
608797100590759935,18
608802220091113471,262
608802661784879103,52
608802032354066431,15
608801801784786943,109
608802442372448255,71
608802432859766783,27
608801802690756607,5
608801801986113535,195
608818974137778175,156
608803197716267007,127
608818971201765375,12
608796894784651263,40
609312236099338239,33
608801868038012927,38
608797102285258751,70
608819089967677439,14
608802045675175935,1
608818997273559039,33
609312835515711487,1
609313418003873791,42
608798011392262143,78
608803260563718143,12
608819091158859775,27
609312292974100479,19
608802390195306495,209
608801801029812223,105
608801903119171583,85
608798042631438335,25
608797103040233471,12
609312076883558399,7
608802701395886079,17
609312119648681983,14
608802704768106495,12
608802451063046143,3
608819057671536639,131
608803232881311743,30
608818993532239871,448
608802797294452735,29
608802637776683007,60
608802081981071359,8
609312345990103039,10
608798172755525631,25
608818858458873855,77
608818995998490623,167
608802798082981887,2
609313451726077951,22
609313167436152831,85
608802617090375679,5
608798155173003263,37
608802892521930751,11
608803200165740543,128
608819024217767935,6
608801817907691519,37
608819080287223807,68
608803205987434495,30
608802938441170943,44
608802028092653567,30
608802031951413247,56
608807124910211071,3
608797097906405375,71
608819024419094527,64
608803309200867327,85
608803205249236991,5
608803218436128767,59
608801860723146751,49
608801810055954431,186
608802033964679167,15
608798051858907135,12
608798162789859327,20
608802225711480831,83
608806860450955263,1
608798062545993727,66
608796015255879679,52
608802385162141695,3
608819022825259007,31
608801859498409983,46
609312379963965439,27
608798020938498047,79
608798188375113727,137
608802796724027391,38
608796056192286719,29
608803270982369279,14
608802048476971007,50
608798147925245951,54
608796197640994815,8
608801856226852863,260
608803300543823871,15
608802707871891455,2
608802372713447423,12
608803249960517631,12
608798194247139327,82
608802789174280191,48
608803234022162431,10
608799919364374527,14
608818982677381119,311
608801806314635263,209
609312339262439423,32
608798181882331135,76
608818971017215999,44
608801942864396287,31
608818989119832063,12
608801944575672319,45
608802361556598783,35
608802364777824255,10
608818857905225727,26
608803235045572607,39
608801817723142143,37
608801806901837823,108
608801942797287423,9
608802578418892799,73
608798156129304575,18
608802799408381951,5
608798057798041599,15
608803201642135551,67
609312292336566271,2
608802752146964479,2
608802016952582143,7
608798150324387839,33
608796196651139071,14
608795792102129663,11
609312414357258239,20
608819024268099583,7
608798152354430975,47
608796196852465663,3
608795797420507135,2
608802709348286463,64
608797006302806015,14
608802011550318591,1
608819039870910463,11
608798056757854207,36
608802145130512383,34
608797104382410751,12
608796982412050431,3
608798051875684351,5
608796058457210879,22
609290390033399807,96
608798063351300095,19
608801858441445375,38
609312078544502783,16
608819045189287935,21
608796053356937215,11
609312378437238783,39
608796015171993599,81
608796045287096319,5
608803280595714047,86
608845293898694655,2
608807059177078783,9
608802255793029119,41
608803287491149823,26
608798158729773055,50
608801862182764543,22
608796033375272959,26
609312319951863807,42
608803203403743231,49
608796201231319039,9
608796154171228159,6
608819019654365183,199
608801871427010559,62
609290390117285887,28
608818995579060223,21
608801858474999807,22
608818993465131007,18
608818985915383807,11
608802247572193279,22
609313433992560639,7
608801829030985727,29
608798025501900799,2
609312293880070143,3
608802715471970303,15
609312293192204287,39
609313419245387775,14
608801905920966655,10
608802017472675839,29
608819014520537087,4
609313452900483071,29
608801902045429759,18
609312275693567999,67
608819057872863231,36
608803197363945471,12
608797033918103551,31
608845301934981119,38
608798042581106687,92
608801856109412351,66
608803213621067775,21
608802032739942399,35
609312320136413183,3
608802687219138559,43
608797033129574399,19
609312260124311551,11
608798053016535039,4
608797014188097535,86
608803308831768575,11
608803326783389695,6
608818976503365631,32
608803326212964351,39
608797034085875711,21
608802789191057407,54
608818974087446527,21
608802015174197247,6
608818994605981695,60
608801797003280383,93
608818970698448895,290
609312259939762175,6
608801808629891071,69
609312079182036991,2
608844284614934527,2
608796055319871487,57
608798019227222015,6
608801836194856959,5
609312115991248895,6
608818858408542207,27
608819088977821695,5
608803256453300223,23
608802231667392511,47
608818988280971263,120
608798043520630783,8
608802012909273087,16
608801809988845567,11
608802616956157951,57
608802385480908799,23
608803214157938687,22
608811053328891903,19
609312287957712895,19
608811053899317247,8
608801879362633727,6
608810910621892607,1
608818968953618431,59
609312122081378303,8
608802644672118783,36
608797103359000575,20
608802716763815935,29
608798021089492991,22
608802734748991487,2
608797052977020927,10
608803219476316159,71
608801883540160511,1
608803311314796543,51
608803351395565567,9
608798037296283647,34
608797067321540607,184
608795743834079231,14
608803311281242111,7
608797103191228415,7
608802709331509247,5
608803206121652223,40
608818977375780863,9
608796523555192831,1
608797034488528895,25
608802451683803135,11
608802239150030847,91
608802664687337471,26
609313418574299135,39
608802033981456383,15
608844283222425599,16
608796072482963455,13
608798174617796607,2
608802220107890687,75
608801861578784767,14
608795285849636863,14
608803309368639487,37
608802584878120959,4
608818984757755903,1
608802015526518783,124
608802033645912063,10
608819090219335679,7
608818995730055167,15
608796204117000191,8
608801798496452607,62
608802685138763775,24
608801887516360703,1
608801980244033535,18
608803201491140607,64
608798165692317695,19
608801828728995839,4
608802790701006847,4
608798155693096959,15
608802030726676479,59
608803200685834239,72
608796178934398975,6
608796182457614335,4
608799904264880127,18
608803278364344319,8
608797089400356863,11
608803167785713663,61
608795743783747583,12
608801861260017663,42
608798175423102975,6
609312079668576255,5
609312397294829567,1
608802788754849791,67
608799904801751039,2
608799904835305471,9
608802340618633215,3
608801829014208511,5
608799903694454783,26
608818977996537855,8
608818910434689023,48
608819019033608191,15
608796195392847871,4
608798292997832703,18
608801808831217663,31
608796015725641727,16
608802090487119871,71
608803307808358399,19
608796163700686847,15
608802369089568767,4
608803007798181887,22
608819089430806527,37
609312292068130815,5
608802218144956415,46
608796015473983487,16
608797090021113855,10
609312390416171007,42
608801832671641599,25
608797080223219711,5
608801893740707839,12
608802708660420607,4
608819013832671231,40
608802247320535039,38
608801839734849535,5
608796055051436031,16
609312239672885247,10
608802032924491775,54
608803278280458239,5
608803330491154431,9
608818993263804415,6
608802717602676735,15
608802622274535423,17
609312265191030783,11
608801899428184063,1
608803352653856767,21
608802238881595391,9
608845289821831167,6
608802656416169983,20
609313441458421759,123
608845317286133759,10
608798034226053119,1
608802163837108223,3
608803310492712959,1
608801894529236991,4
608802363334983679,19
608802441516810239,44
608845318745751551,9
608803309989396479,1
608802687135252479,13
608819002810040319,49
609312392161001471,51
608796125012426751,2
608798149602967551,5
608798053083643903,2
608798159618965503,38
608803002194591743,1
609312392194555903,2
608801977693896703,26
608796072550072319,11
608796064379568127,10
608818979472932863,20
608802365566353407,43
608802015140642815,9
608801959641612287,19
608802462773542911,3
608802941712728063,17
608803000365875199,7
608802789207834623,5
608819073794441215,6
608802366723981311,7
608801863088734207,37
608818989035945983,3
608818984975859711,4
608819021315309567,16
609313439763922943,4
608845302270525439,29
608796052786511871,9
608845333778137087,47
608802455743889407,41
608798175473434623,4
608802938927710207,42
608802450039635967,18
608795771533262847,19
608802385950670847,3
608819037102669823,2
608819091091750911,34
608803308965986303,84
608819015158071295,32
608796020842692607,16
608801890821472255,1
608802739429834751,87
608803005516480511,30
608801900451594239,28
608796201130655743,14
608845331479658495,7
608802704113795071,51
608795884662030335,2
608803175469678591,10
608803307791581183,7
608803307892244479,7
608803311600009215,36
609312409642860543,8
608801888975978495,4
608803172164567039,3
608802938592165887,23
608798010217857023,23
608796139625381887,7
608796173163036671,4
608803325239885823,3
609312291933913087,22
608802754126675967,4
608802367713837055,18
608795779519217663,7
608819015611056127,27
608844344778031103,13
608819072083165183,4
608818994488541183,81
608803276049088511,15
608801964657999871,11
608819025744494591,15
608796055370203135,9
608802994057641983,13
609313168962879487,1
608801947880783871,22
608798021374705663,11
608797280929054719,4
608818991569305599,1
608801948585426943,6
608803063481761791,69
608803311834890239,1
608801931506221055,10
608807119356952575,6
608798062730543103,8
608811047859519487,4
608819014537314303,5
608845287439466495,7
608807127561011199,15
608801834735239167,1
609312414474698751,38
608802442674438143,2
608797035730042879,18
609312268244484095,5
609313166026866687,10
608798033873731583,10
608796869081956351,22
608802090168352767,12
608845468297854975,1
608801961856204799,15
608801959222181887,32
608803330541486079,23
609312018767282175,6
608802086242484223,27
608844330953605119,2
608802214453968895,26
608844329041002495,5
608844330701946879,8
609312265023258623,2
608796019399852031,7
608795286587834367,1
608796185410404351,5
608798055348568063,6
608796169975365631,7
608802374072401919,16
609312264788377599,4
608796055873519615,21
608797033347678207,3
609313109336653823,7
608803005684252671,4
608798189331415039,2
609313168073687039,6
608801901709885439,33
608798051137486847,42
608801964976766975,19
609313422852489215,20
608845319668498431,10
608818918219317247,3
609313163745165311,6
608819023412461567,1060
608797052507258879,5
608803209107996671,11
609312894688952319,2
608844353284079615,13
608801959356399615,21
609313436374925311,23
609313419497046015,4
608797052943466495,7
608796124425224191,2
609313451692523519,10
608802992312811519,15
609312259822321663,7
608796065033879551,13
608802634320576511,8
608801962778951679,2
608819079951679487,1
608798175859310591,6
608802894182875135,102
608798148764106751,3
608798162873745407,24
608811054603960319,17
608806848774012927,4
608797080323883007,27
608802638045118463,11
608796017353031679,15
608844344878694399,2
608798185808199679,25
608845318796083199,7
608845318661865471,19
608845314886991871,6
609312392798535679,3
608802226147688447,22
608819023345352703,9
608802638212890623,9
608803249994072063,9
608797050594656255,2
608802211685728255,20
608803191038935039,19
608802449603428351,10
608802703979577343,1
608798175272108031,1
608797095322714111,8
608798055281459199,5
608844367796371455,5
608844369406984191,2
609312030360338431,1
608802586757169151,2
608801798982991871,1
608801894277578751,3
608845287573684223,19
608802934850846719,7
608818967812767743,58
608845468247523327,2
608798055096909823,11
608801962493739007,13
609312271734145023,42
608795798611689471,14
609312392597209087,14
608796047854010367,2
608795793259757567,6
608797051701952511,4
608803280578936831,8
608802626351398911,12
608803300057284607,4
608845290341924863,5
608795779301113855,6
608796017134927871,6
608802942484479999,21
608799921260199935,4
608801791064145919,9
608801871594782719,1
608801813965045759,139
608798190354825215,49
608797086833442815,1
608798194901450751,2
608803310140391423,5
608796939747590143,5
608798022062571519,13
608845291549884415,20
608798172201877503,13
608803000500092927,12
608803311885221887,3
608801887398920191,17
608819003380465663,32
608802082752823295,22
609290432479756287,1
609311980548784127,4
608819051447189503,3
608798056506195967,1
608802624237469695,14
608797026771009535,1
608801789889740799,7
608801877752020991,50
608819079230259199,8
608802240089554943,16
608802342782894079,3
608798179902619647,21
608801828695441407,1
608798189901840383,2
608844344593481727,1
608844284245835775,77
608819001987956735,8
608798039762534399,10
608801867970904063,4
608844344576704511,5
608802783855902719,4
608801954172239871,6
608796862656282623,12
608795760594518015,8
608798054543261695,2
608801879496851455,39
608811998708236287,32
608803327672582143,2
608801931908874239,5
608802447422390271,12
609313433036259327,6
608795760191864831,2
608801962795728895,5
608818991015657471,17
609313407769772031,3
608819094061318143,24
608801946437943295,1
608818973970006015,12
608796910823669759,18
608845300240482303,1
608798038537797631,4
608818984657092607,6
608801930633805823,10
608798039997415423,5
608802764478218239,1
608796928691404799,13
609312903715094527,1
608802385984225279,2
608845287053590527,3
608819085337165823,4
608845290425810943,46
609312832881688575,2
609312339312771071,3
609313432096735231,1
608819072502595583,3
608802451734134783,6
609312412176220159,2
608802411250712575,2
608803004979609599,16
608845303948247039,38
608845319534280703,1
608801999739158527,7
608811998154588159,2
608801827202269183,3
608844370631720959,1
608802761592537087,1
609312260006871039,4
608803003218001919,5
609312834962063359,1
609312823218012159,2
608798056942403583,3
608798148176904191,2
608802440979939327,1
608798148244013055,4
608802440711503871,10
608798045970104319,5
608802788167647231,3
608803330893807615,9
608801794318925823,11
608803356277735423,1
608803185619894271,3
609312381876568063,11
608802374777044991,1
608802704617111551,18
608807127544233983,1
608807057063149567,5
608802969160253439,4
608798326820700159,14
608803326011637759,55
609312375920656383,1
608807135379193855,1
608798043487076351,2
608798163679051775,4
608802393366200319,1
608798052563550207,3
608801868373557247,2
609312259922984959,9
609312417427488767,4
608802708761083903,5
609312422225772543,1
608798056254537727,1
608801942176530431,3
608802784443105279,6
608819050658660351,3
609312901685051391,2
608801885956079615,6
608844341959458815,2
609312378772783103,6
608797026687123455,13
608796052115423231,4
608807134674550783,1
608807135211421695,1
608807054462681087,4
608798156364185599,1
608798195018891263,2
608802670861352959,32
608803258852442111,7
608802337682620415,2
608795759554330623,6
609290388825440255,5
608803014173523967,2
609312264972926975,6
608802031213215743,3
608818988683624447,9
608802761256992767,2
608803005432594431,2
608802375230029823,3
608798026860855295,4
608845317051252735,6
608798062176894975,2
609312418853552127,3
608802787546890239,4
608796912065183743,2
609313169315201023,8
608803004694396927,1
608845289083633663,1
608796125331193855,8
608811997215064063,9
608796139675713535,4
608801972073529343,13
608819005393731583,3
608818975849054207,6
608801905870635007,25
608802350030651391,1
609312425799319551,8
608802372193353727,4
608811047993737215,1
608802458646347775,1
609312152666243071,2
608802144224542719,2
608802709901934591,1
608803331783000063,2
608801809451974655,11
608803008737705983,10
608803268600004607,6
608798148462116863,2
608801874077810687,14
608796204603539455,7
608796062550851583,7
608801914494124031,2
609290387667812351,1
608819024788193279,2
608797053044129791,59
608798022851100671,4
609312360871493631,9
608844341942681599,2
608802048795738111,1
608844329275883519,3
608801886711054335,3
608795757390069759,12
608796027218034687,5
608801863105511423,4
608802083038035967,6
609312019606142975,2
608845438870618111,1
608796981959065599,8
609313419195056127,2
608797034152984575,4
608802383098544127,5
608819072519372799,2
608796196382703615,5
608802805968273407,1
609312414323703807,1
608844348318023679,1
608802702268301311,29
609312078242512895,3
608802091292426239,2
608797103895871487,2
608796954779975679,1
608801868138676223,4
609312287857049599,8
608802750536351743,1
608795771516485631,3
609313436492365823,6
608795273166061567,6
609312153236668415,5
608802710002597887,3
608802939917565951,1
608795913502064639,13
608796983083139071,8
608802424773148671,1
608798050801942527,6
608795267898015743,3
608803235548889087,2
608819037673095167,2
608803209644867583,1
608819056832675839,2
608802442724769791,1
608797064570077183,20
609290387785252863,1
608801839650963455,1
609312386423193599,1
608819002239614975,3
608819037840867327,3
608798163897155583,5
608819048897052671,1
609312360921825279,12
608819049618472959,1
608796527481061375,3
608802616637390847,2
608802785449738239,5
608801832604532735,1
608798182486310911,12
608796200711225343,2
608819019419484159,2
608802579358416895,2
609312019069272063,2
609313407266455551,3
608802784325664767,48
608802940555100159,3
608802926395129855,1
608803268381900799,3
608819059718356991,14
608796044750225407,2
608844336708190207,3
608802450425511935,6
608796897888436223,4
608797254135840767,1
608802657808678911,1
608796197120901119,1
608807119239512063,5
608802998822371327,4
608802386621759487,4
609313435083079679,2
608798057932259327,6
609313418440081407,2
608798054409043967,5
609313416191934463,27
608811048144732159,7
608802350215200767,5
608845332268187647,2
608796929127612415,4
608845473012252671,1
608845472576045055,3
608802154978738175,1
608802337984610303,1
608798009949421567,1
608802796304596991,2
608802152076279807,1
608803219845414911,1
608797068529500159,3
609312121846497279,1
609312264738045951,8
608802751626870783,1
608844326054658047,1
608844369474093055,25
608844342982868991,1
608801871326347263,2
608802373216763903,2
608819025274732543,9
608801964674777087,2
608807117444349951,1
608802380128976895,6
608796897519337471,4
608802212155490303,1
608796053373714431,5
609290405971755007,20
609312858970259455,1
608801801633791999,1
609312416420855807,2
608819004185772031,1
608797298192809983,2
608801810995478527,3
608807080383479807,1
608807122192302079,2
608802797948764159,1
608802213766103039,1
609312102670139391,1
608796141437321215,5
608796047837233151,1
608806808491917311,3
608795932896526335,1
608803237042061311,4
609312430329167871,1
608795778982346751,2
608802406636978175,3
608819007105007615,1
608799920740106239,1
608801973801582591,3
608803331548119039,1
608818859062853631,6
608801884647456767,6
609312287739609087,7
608802789962809343,1
608802432071237631,2
608803232243777535,7
608801899478515711,1
608802932518813695,2
608801805861650431,5
608801979774271487,7
608802385581572095,1
608796050102157311,1
608802090889773055,3
608803253735391231,3
608811998926340095,1
608803327689359359,1
609312386003763199,2
608803253131411455,1
609312385416560639,9
608802255491039231,2
608798156397740031,1
608803339181752319,1
608819057688313855,1
608818850993012735,1
608844348636790783,2
608802209940897791,1
608803176090435583,1
608802432020905983,1
608797252927881215,2
608796124995649535,1
608797005799489535,1
608844327346503679,1
609313108967555071,2
608845318678642687,3
608801867064934399,1
608802710539468799,1
608802407761051647,1
608796084294123519,1
608795911958560767,2
608795913535619071,1
608802091929960447,1
608795777019412479,1
608796527581724671,1
608845308410986495,1
608801960967012351,1
608803207363166207,1
608797269352775679,1
609312378638565375,1
608802641803214847,1
609312340873052159,2
608802048812515327,1
608797094282526719,1
608802031246770175,1
608795884678807551,1
608796200694448127,1
608796165948833791,2
608802445325238271,2
609312239471558655,9
608801927815233535,1
609312422259326975,1
608845287338803199,1
608801887952568319,2
608819024200990719,1
608801868239339519,7
608795913787277311,1
608795882246111231,1
608795935748653055,1
608802377545285631,1
608802443160977407,3
608797093846319103,1
608802034350555135,1
608797254303612927,1
608801833862823935,1
608798061489029119,1
608797083041791999,1
608797091061301247,1
608802033008377855,1
608802706731040767,1
608819050574774271,2
608801811448463359,6
608803256637849599,4
608803186257428479,1
608801941991981055,1
608796024986664959,2
609312239639330815,7
608801863139065855,1
608802781020553215,1
608802806991683583,1
608802780030697471,1
608807118736195583,1
609313405051863039,1
608845305659523071,1
608801877768798207,1
608803356831383551,1
608818850389032959,1
608798145710653439,1
609312832982351871,1
608844346992623615,1
608796123452145663,1
608797269537325055,2
609312319565987839,55
608844284715597823,1
609312891367063551,1
609312889001476095,1
608797093561106431,1
608802993722097663,2
608802382259683327,1
608802351909699583,1
608796084126351359,2
608801834668130303,4
608797279066783743,1
608802793989341183,1
608819082636034047,1
608802395966668799,1
608802806521921535,2
608802256212459519,2
609312120739201023,1
608797072606363647,3
608819008447184895,1
608802386906972159,1
608798184935784447,1
608798193123065855,3
608801884697788415,2
608802410680287231,1
609312386171535359,1
608796036932042751,1
608801973197602815,1
608802659553509375,1
608801904041918463,1
608802659419291647,1
609312832747470847,1
609312428248793087,2
608803315106447359,1
608801800006402047,1
608803311449014271,1
608802807595663359,2
608845339549499391,1
608801886425841663,1
608795780844617727,1
608795781062721535,1
608798188509331455,3
609312416135643135,1
608801824048152575,1
608796174035451903,1
608801856159743999,1
608802391671701503,1
608802780852781055,1
608802970384990207,1
608797197714063359,1
608819056966893567,1
608819049299705855,2
608803310727593983,1
608844354022277119,1
608845293428932607,1
608802592192987135,1
608803322454867967,1
609312410766934015,2526
609312284031844351,8048
608845330892455935,3870
608801810206949375,380
608845295375089663,476
609312291531259903,350
609313434747535359,2
608818925785841663,1065
608798165910421503,507
608819046464356351,152
608818972762046463,1594
608819083172904959,1110
608818980177575935,1312
608801839248310271,135
609312412209774591,259
608798045416456191,112
608803211624579071,165
608819072771031039,244
608819072636813311,302
608801858760212479,51
608801871930327039,451
608819011718742015,2172
608801806130085887,444
608798163108626431,1151
608819011567747071,27481
609312274972147711,300
608801834684907519,969
608801857334149119,395369
608845333711028223,6779
608796868696080383,2909
608818982392168447,1208
608797086866997247,7469
608801866075078655,1448
608798022498779135,466
608798182469533695,189
608803201742798847,1358
608819060020346879,1105
608818995126075391,546
608802799441936383,38
608803236555522047,6
608818988482297855,177
608796124693659647,89
608818927077687295,4967
608803208655011839,253
609312411102478335,436
608803261419356159,13
608803196088877055,375
608801806230749183,1051
608801789805854719,477
608801791332581375,4107
608798038235807743,625
608819089850236927,272
608819057755422719,565
608801839063760895,88
608818971050770431,517
608798039645093887,103
608803200853606399,747
608801865185886207,2603856
608818858089775103,8613
608819091964166143,1638
608845301213560831,373
608802384960815103,204
608801814652911615,1580
608802631636221951,90
608801858693103615,807
609312426352967679,68
608802622442307583,5712
608797949199122431,30
609313429697593343,207
608818968970395647,1519
608801871661891583,897
608819089682464767,341
608819086058586111,137
608819011433529343,72516
608801813679833087,2673
608801814485139455,625
608818971772190719,261
608819012322721791,6043
608818972862709759,741
608819059550584831,857
608801830373163007,738
608802242807463935,593
608818968903286783,1055
608819091427295231,269
608798165239332863,30
609312410716602367,1527
608845300827684863,1682
608801787473821695,121417
608801817068830719,1216
608819083189682175,2029
608801792104333311,108
608819044870520831,170
608819091242745855,310
608801842972852223,221
608819087685976063,1021
608819089799905279,27
609312276767309823,487
608801964775440383,27
608819011500638207,21346
608819013379686399,3521647
608844285202137087,615
608845330791792639,1641
608818970866221055,2353
608802635813748735,1965
608798178090680319,75
608802666784489471,15
608818972728492031,2078
608845295408644095,522
609312407780589567,177
608802203313897471,51
608801908873756671,427
608802686480941055,346
608798162538201087,296
608819018882613247,2767
608819048074969087,343
608798044057501695,103
608802662254641151,44
608818971252097023,335
608801843509723135,122
608802625395097599,91
608802640528146431,755
608802664720891903,43
608819094178758655,483
608798040215519231,138
608818980227907583,280
608798043201863679,38
608845331228000255,277
608801787490598911,3953
608801901307232255,736
608801871309570047,3033
608819005108518911,4203
608802032991600639,2152
608801865890529279,1197
608819084649299967,352
608819056161587199,937
608819021097205759,237
608802666063069183,68
608819021483081727,9899
608818997407776767,1072
608803288447451135,1155
609312410901151743,549
608819091376963583,148
608802238730600447,200
608801834718461951,907
608802686430609407,1437
608801814468362239,1219
608844352612990975,224
608845297975558143,46
608802691212115967,364
608801791399690239,1660
609312283545305087,1055
609312277253849087,167
608802700372475903,196
608802241364623359,265
608801817588924415,1343
608802625495760895,129
608798158981431295,11
608818981586862079,874
608803202195783679,1430
608801796617404415,1095
608803260714713087,38
608803199930859519,729
608801834752016383,169
609312288997900287,51
608819091058196479,50
608819057486987263,325
608803213906280447,432
608801942495297535,56
608803201105264639,223
608845301364555775,5128
608819092652031999,5368
608801840305274879,1345
608803237327273983,4586
608818998028533759,207
608801844700905471,1360
608818983046479871,618
608819084615745535,808
608803209309323263,673
608818988213862399,351
608802395647901695,31
608801830876479487,1318
608799919112716287,14
609312288427474943,62
608801858709880831,1315
608797086766333951,3462
608802365767679999,88
608803005583589375,44
608801862266650623,462
608819093004353535,694
608801878976757759,80
608818987375001599,42
608798048000147455,1290
608803202631991295,8096
608819022019952639,47
608801856512065535,158
608818968785846271,1007
608801957661900799,47
608801954943991807,108
608802794341662719,135
608802239418466303,1324
608802034736431103,6
608819087551758335,1696
608818986989125631,144
608819047353548799,285
608802203599110143,38
608818981519753215,415
608801894143361023,119
608819093507670015,188
608798016693862399,2850
608801861847220223,364
608798060683722751,324
608801972643954687,171
608803197917593599,699
608798039728979967,2415
608818985747611647,206
608801907833569279,191
608802629622956031,196
608796868947738623,1165
608819020308676607,210
608802991490727935,1
608819093121794047,1986
608802244418076671,145
608819016433139711,81
608801799922515967,171
608801858374336511,349
608819084666077183,653
608797097453420543,118
608802339913990143,15
608818978281750527,4670
608801840171057151,69
608819092668809215,1602
608801808512450559,104
608802365750902783,67
609312414676025343,505
608797949148790783,65
608803287591813119,200
608818997978202111,170
608802701563658239,112
608801948618981375,25
609312238968242175,74
608801806482407423,612
608802639253078015,100
608801814233481215,60
608819017406218239,864
608798062529216511,54
608803200937492479,480
608802230979526655,125
608802644554678271,661
608796868662525951,1250
609313169231314943,155
608801830608044031,193
608798043738734591,704
608801930600251391,45
608802017288126463,14
608803196625747967,438
608818985512730623,525
608803271921893375,312
608818981452644351,599
608803276384632831,123
608802793788014591,131
608801799721189375,535
608801794067267583,9326
608802092114509823,1354
608845297002479615,29
608802212088381439,36
608802082769600511,145
608801843325173759,1171
608802579056427007,4
608803205786107903,546
608801820155838463,134
609312407898030079,203
608801901793771519,23
608801806096531455,246
608802389356445695,380
608845299082854399,43
608818997810429951,816
608818925836173311,234
608803309184090111,145
608802213027905535,9
608802706613600255,571
608802393785630719,214
608819021533413375,808
608803202799763455,603
608801901324009471,2118
608818996032045055,168
608819093641887743,297
608819016970010623,1505
608798010284965887,33
608798030048526335,125
608802238864818175,248
608801862551863295,394
608803063565647871,81
608801810592825343,1379
608802225443045375,21
608797067220877311,22
609312339329548287,37
608819091947388927,732
608801894042697727,66
608819079985233919,1
608803265496219647,89
608819090370330623,67
608802450140299263,183
608797027240771583,57
608798188324782079,45
608802432876543999,20
608796055168876543,686
608802444972916735,25
608797026989113343,99
608845295677079551,14
609313440770555903,10
608801875084443647,23
608802213631885311,45
608803219006554111,471
608818969138167807,140
608796055185653759,793
608819016382808063,667
608801800778153983,242
608819088810049535,250
608797015228284927,19
608845301146451967,338
608802690926903295,74
608801794520252415,120
608802390430187519,290
608801840758259711,232
608798168208900095,301
608818998397632511,1832
608818968550965247,103
608801811565903871,123
609313448672624639,166
608801901609222143,119
608801875654868991,28
608802385212473343,7
608803204695588863,790
608801800308391935,495
608798016677085183,139
608819091997720575,887
608797102906015743,193
608818998766731263,1998
608818974406213631,163
608802631652999167,39
608802694735331327,248
609312379242545151,16
608819004454207487,294
609313413708906495,179
608845331915866111,177
608818997911093247,759
608803233418182655,24
609312293729075199,169
608802220812533759,44
608802794022895615,98
608818985462398975,592
608819094682075135,3500
608819022607155199,503
609312350805164031,52
608798039141777407,347
608803282306990079,390
609313409028063231,13
608801902984953855,235
608802733322928127,43
609312271935471615,106
608798021391482879,72
608818970530676735,274
608803177046736895,128
608819016869347327,378
608802632575746047,158
608819059852574719,1091
608802789862146047,17
608802247756742655,74
608803272022556671,307
608802928542613503,206
608803208671789055,801
609312291447373823,417
609312001553858559,150
609312288914014207,56
608819005074964479,1173
608802032521838591,57
608802239183585279,131
608819089632133119,234
608798057428942847,11
608819058023858175,103
608802257722408959,94
608802441651027967,14
608802450190630911,26
608801832872968191,100
608801806364966911,496
608802082853486591,174
608798062931869695,14
608845296599826431,18
609312235914788863,121
608803220533280767,1207
608803217580490751,72
608803217899257855,519
608803162937098239,34
608802032890937343,232
608798063284191231,198
608802713358041087,55
608796180528234495,4
608818978801844223,922
608818909646159871,100
608802048527302655,68
608801788547563519,234
608818990311014399,303
608798040702058495,205
608798030535065599,55
608801908068450303,158
608818980144021503,60
608803275076009983,54
608801790208507903,124
608797102704689151,11
608802342967443455,52
608796118603530239,6
608798155156226047,91
608818910887673855,29
608797098611048447,35
608818996535361535,974
608803321532121087,1
608802685423976447,304
608801930315038719,63
608801816951390207,685
608798189868285951,116
608802454569484287,351
608819092199047167,52
608802094714978303,217
608796897720664063,74
608801832856190975,230
608797280845168639,168
608802624875003903,36
608801791970115583,70
608801909494513663,454
608798158964654079,65
608801791919783935,27
608796072667512831,3
609313435854831615,16
608802727182467071,59
608801808009134079,24
608801975059873791,72
608801813864382463,46
609312264134066175,14
608801806801174527,31
608844345600114687,193
608818993750343679,27
608803309385416703,82
609312256584318975,10
608801858776989695,57
608802941293297663,55
608803307909021695,175
608802797780991999,88
608819025408950271,163
609312253245652991,5
608803211221925887,123
609312104951840767,160
608818925819396095,703
608801866964271103,76
608801866058301439,632
608801813780496383,32
608803209443540991,197
609312373487960063,1
608797081716391935,15
608802668378324991,41
609312121326403583,10
608818981771411455,67
609312271599927295,92
608818986771021823,5
608802374105956351,26
608802702771617791,118
608845331244777471,196
608818989908361215,24
608798163930710015,83
608819021298532351,60
608802033662689279,36
608801813814050815,13
608844344308269055,375
608801824517914623,47
608799902268391423,28
608845297841340415,297
609312293393530879,260
608801859464855551,221
608803251755679743,7
608801808898326527,151
608803285796651007,189
608801875453542399,72
608803212010455039,77
608801806180417535,101
608802998839148543,113
608799904063553535,14
608802641870323711,513
608801817773473791,83
608799921797070847,7
608798191646670847,95
608798157790248959,29
608801857720025087,145
608818971654750207,72
608799902956257279,54
608802017221017599,24
608801792070778879,67
608819048595062783,273
608798019243999231,238
608801843643940863,120
608799921998397439,1
608819090437439487,22
608818993347690495,260
608798292460961791,214
608818977778434047,148
608802734782545919,96
608803269422088191,103
608803249406869503,99
608801841781669887,160
608819073291124735,1395
608819051245862911,496
608819015527170047,19
608801807539372031,613
608803196172763135,182
608802623969034239,427
608802247974846463,87
608798147438706687,59
608796195728392191,22
608801944189796351,32
608796195845832703,1811
608819044602085375,44
608818969624707071,29
608801860890918911,3
608819039753469951,217
608803206608191487,340
608803193538740223,54
608802376958083071,102
608801845086781439,82
608798194213584895,71
608797100238438399,33
608797064771403775,607
608818993884561407,128
608801799452753919,34
608803288028020735,351
608803326733058047,35
608844284078063615,19
608818994387877887,195
608802247454752767,48
608844354106163199,21
608798019176890367,551
608801801130475519,185
608798036507754495,32
608818995931381759,85
608818997558771711,67
608796054648782847,116
608798048184696831,34
608802667321360383,8
608802639974498303,111
609312239068905471,65
608802644370128895,164
608818994589204479,92
609312276834418687,56
608802664804777983,32
609312242206244863,101
608802208665829375,62
608818989522485247,331
608796067013591039,14
608801840422715391,24
608801860941250559,48
608797101278625791,33
609313168778330111,57
608802749882040319,2
608803237696372735,371
608798061539360767,458
608819013866225663,44
608818969708593151,59
608802622224203775,77
608845333442592767,59
608802789711151103,38
608801792204996607,79
608798060482396159,123
609312119732568063,21
609312073159016447,61
608802092030623743,167
608798190438711295,46
608818969524043775,92
608802394674823167,8
608802641635442687,76
608818984992636927,137
608802702201192447,57
609313417987096575,58
608802703006498815,12
608819060355891199,99
608803205953880063,24
608801817958023167,50
608801807136718847,2
608798188626771967,112
608801808847994879,8
608845286852263935,21
608845292606849023,42
608802578519556095,22
608802793519579135,19
608819055289171967,138
608845287590461439,20
608819087920857087,38
608801901961543679,56
609313419111170047,10
608803211943346175,63
609313419429937151,2
608802367898386431,20
609313166328856575,58
609313405622288383,8
608802584592908287,81
608798061237370879,37
608801909578399743,243
608801860840587263,43
609312287185960959,62
609312002023620607,11
608818988381634559,138
609312272673669119,200
608797095574372351,3
608802941779836927,11
608802700724797439,171
609313439512264703,40
608819092048052223,32
608802616536727551,18
609313453823229951,2
609312120906973183,6
609313453940670463,8
608796072164196351,95
608819042706259967,139
608801835993530367,85
608801947612348415,71
609312272120020991,198
609313441424867327,13
608797099399577599,62
608796045857521663,4
608798023085981695,71
608803196642525183,108
608798166178856959,11
608796017638244351,23
608818911139332095,126
608802797260898303,52
608802797898432511,68
608801893707153407,34
608802440896053247,65
608819042605596671,32
609312152146149375,7
608819022791704575,89
608803266788065279,69
609312395734548479,26
608844284178726911,1
608818924695322623,80
608798055549894655,32
609312284501606399,54
608802385430577151,8
609312317804380159,32
608803260614049791,45
608802667539464191,66
608802713223823359,24
608803270546161663,118
608798016895188991,68
608802240005668863,4
608802701513326591,54
608801796332191743,20
608801838912765951,27
608818989505708031,12
608802700087263231,16
608797280308297727,5
608819051094867967,239
608796865642627071,52
608797028582948863,31
608807119038185471,10
608796871783088127,29
608803202044788735,172
608801819870625791,8
608797099986780159,21
608819024519757823,89
608845301616214015,43
608803196457975807,43
608819003447574527,6
608818857821339647,34
609312252792668159,4
608802668361547775,324
608802796891799551,64
608811996543975423,13
608819003531460607,26
608796935989493759,5
608802789140725759,5
608796909666041855,34
608818996283703295,95
608796989089382399,12
608797099567349759,46
609312261416157183,8
608802373334204415,26
608807122125193215,20
608802364744269823,38
608802797562888191,8
608802032723165183,55
608844341875572735,5
608797104499851263,13
608798042597883903,64
608802218228842495,22
608819020107350015,66
608818970765557759,7
608803199712755711,54
608803277894582271,22
608795743280431103,3
608797013986770943,11
609312120722423807,6
608798166044639231,30
608845298210439167,30
609312373320187903,189
609312284652601343,42
608796032754515967,1
608803280142729215,42
608798051825352703,41
608801868004458495,58
608802364375171071,28
608844344610258943,2
608802759579271167,17
608807126420160511,7
608807109391286271,1
608801804821463039,62
608819024402317311,25
608803202598436863,111
608798023119536127,51
608796865743290367,87
608801858240118783,14
608845302287302655,12
608803269254316031,18
609312078007631871,4
608797064637186047,53
608802685843406847,5
608819048007860223,134
608803211574247423,55
608798030618951679,5
608845318477316095,8
608802390128197631,69
608818925500628991,30
608802218597941247,27
608818996250148863,69
608798029830422527,34
608802700238258175,63
608802718877745151,14
608798040886607871,2
608797033884549119,50
608798183660716031,29
608807113854025727,8
609313414329663487,5
608802713139937279,2
608802694819217407,57
608819019486593023,30
608803325088890879,41
608802713039273983,11
609312343205085183,132
608803232059228159,327
608802455844552703,89
608803303815380991,14
608801840573710335,8
608802449485987839,14
608802082249506815,4
608802701496549375,52
608803162819657727,14
608802441265151999,24
609312429490307071,34
608801901508558847,411
608819059835797503,130
608845302136307711,97
609313418523967487,12
608801843409059839,69
608797949484335103,81
608803270479052799,85
608802701261668351,57
608798012751216639,29
608801899193303039,6
609313163946491903,58
608801899344297983,139
608798029310328831,53
608801798244794367,51
608801972828504063,61
608818977610661887,124
609312001587412991,20
608802455408345087,3
608802453478965247,14
608803189310881791,40
608802210947530751,3
608802943105236991,37
608819090856869887,32
608811037189210111,12
608818999437819903,10
608801957007589375,29
608798175288885247,13
608819019318820863,31
608803237125947391,26
608802441533587455,7
608819089900568575,9
608797103006679039,509
608818972577497087,404
608801929543286783,16
608819004387098623,104
608798056657190911,4
608802789778259967,4
608798007852269567,12
608819020275122175,13
608795267646357503,9
608802377444622335,38
608803232377995263,4
608796050756468735,12
609313433506021375,31
608819019922800639,7
608797048145182719,27
608796047753347071,16
608796045337427967,15
608802450660392959,17
608802923912101887,2
609312238834024447,94
608818982476054527,51
608798039745757183,20
608801798144131071,1
608803285293334527,1
608802735772401663,39
608798181915885567,67
608796165848170495,66
608802927955410943,2
609312265207807999,6
608844348754231295,32
608802656449724415,19
608818974355881983,7
608795288466882559,16
609312287756386303,208
608803275008901119,22
608819005293068287,133
608798190522597375,54
608802395849228287,7
608798183677493247,15
608845292422299647,4
608802934817292287,9
608803196105654271,27
608845318259212287,1
608798188341559295,13
608819072888471551,3
609312431654567935,2
608818999085498367,1169
608845315407085567,6
608801860924473343,43
609312120772755455,12
608798043218640895,8
608801798764888063,10
608801962057531391,8
608801841513234431,39
608801980311142399,19
609312373655732223,84
608799904566870015,11
608802215309606911,41
608844283255980031,73
608801798530007039,103
608802999644454911,16
608807123249266687,18
608802704600334335,28
608798054677479423,30
608801973331820543,4
608795797219180543,9
608803236354195455,137
608803235465003007,14
608796165646843903,24
608795740696739839,17
608802702754840575,10
608803247813033983,8
609312407814143999,20
609312078645166079,7
608802048946733055,47
608803311063138303,10
608803001137627135,7
608798157639254015,10
608803330440822783,17
608797033247014911,16
608802705120428031,3
608802373149655039,199
608798179986505727,31
609312271516041215,112
608802458931560447,5
608818985646948351,49
608802459300659199,5
608797280996163583,11
608803303916044287,9
608801844684128255,46
608819056144809983,39
608796523370643455,2
609312350603837439,6
608799903191138303,5
608801798714556415,26
609313436593029119,5
608802017942437887,61
608802248243281919,6
608796197624217599,31
608797100456542207,56
608796132176297983,65
608819060406222847,104
608845296633380863,8
608798022616219647,73
608802739312394239,13
608799904315211775,18
608798156431294463,28
608819005511172095,2
608802739111067647,4
608802685155540991,18
608803196122431487,60
608801789755523071,15
608803250178621439,1
608803177650716671,58
608801842603753471,26
608797232023470079,28
608802367780945919,16
608797100943081471,15
608798182838632447,6
608797087336759295,1
608819023227912191,57
609312391590576127,30
608803197749821439,86
608819024586866687,108
608803232914866175,19
609312314532823039,12
608802356959641599,41
609312001939734527,15
608796083790807039,1
608802992530915327,43
608802727316684799,21
608798053301747711,18
609312239370895359,4
608801930818355199,21
608819085605601279,36
608802162176163839,1
608819001786630143,10
608801809670078463,12
608801977660342271,19
609312236451659775,26
609312263261650943,73
609290387919470591,2
608801942730178559,10
608802759696711679,49
609312013818003455,1
608802909097820159,8
608803208436908031,9
609290389328756735,53
608801797288493055,24
608798037883486207,40
608807117863780351,23
608803197632380927,1
608802939951120383,2
608798034091835391,11
608798174231920639,14
608819091192414207,19
609312834458746879,5
608802624187138047,59
608796862253629439,54
608807118232879103,32
608802395178139647,34
608796153449807871,4
608797029103042559,4
608807127275798527,6
608797020328558591,10
608802230341992447,9
608797277791715327,10
608797022677368831,10
608801900770361343,15
608796153500139519,7
608795798695575551,6
609290387432931327,15
608807136218054655,1
608845296666935295,13
608807122326519807,8
608802212809801727,29
608801796365746175,9
608803203068198911,25
608802213967429631,19
608803198873894911,20
608798021290819583,2
608802667505909759,54
608819016701575167,41
608796894751096831,17
608799919028830207,12
608819092266156031,14
608803163423637503,22
608798180070391807,2
608803265227784191,10
608801843006406655,52
609290389932736511,41
608845295458975743,7
608819005494394879,7
608819003716009983,4
608799919079161855,19
608801859011870719,18
608797103459663871,20
609313449545039871,3
608801823981043711,6
608801803009523711,6
608818982056624127,6
608802790751338495,23
609312377480937471,37
608795770526629887,6
608818925483851775,24
608795779586326527,2
608819056329359359,6
608801943837474815,3
608798010687619071,16
608796041344450559,3
609312264821932031,13
608811053815431167,3
608795766130999295,12
608802083189030911,14
609312290138750975,39
608802214470746111,16
608818925735510015,12
608803275881316351,25
609312314834812927,6
608795770375634943,11
608803190720167935,11
608801799905738751,16
608798164568244223,11
608802248511717375,27
608795772523118591,4
608844285286023167,40
609312378756005887,4
608801957745786879,34
608802015560073215,7
608796172743606271,3
609313179163426815,18
608798013556523007,9
608819073844772863,18
608803211322589183,12
608802435409903615,7
608818997038678015,85
609312414038491135,22
608802377511731199,3
608807114994876415,22
608802687168806911,8
608799919062384639,183
608802991725608959,12
608845297606459391,60
609313176697176063,15
608802446717747199,27
608802017137131519,10
609313435619950591,5
608819015275511807,6
608797099533795327,10
608797067875188735,15
608798014378606591,12
608802656349061119,1
608802943155568639,6
608819078911492095,1
609312379510980607,8
608795770174308351,10
608845318494093311,8
608819085521715199,11
608802239804342271,3
609312259771990015,3
608802384977592319,29
608806848757235711,10
609313415034306559,12
608802631753662463,40
608796019953500159,2
608801819719630847,127
608803286585180159,5
608818994102665215,27
609313109269544959,4
608802727367016447,8
609313108598456319,2
608797231939583999,2
608802759780597759,29
608797197865058303,14
608819089346920447,25
609312378923778047,3
608845290492919807,8
608802082786377727,15
608818977006682111,38
608818849399177215,22
608801931724324863,12
608845469371596799,58
609311997846093823,9
608818848056999935,6
609312378521124863,26
608802691245670399,28
608802151774289919,1
608801809435197439,21
609313416208711679,3
608802690843017215,31
608844367964143615,6
609312373588623359,3
609313435519287295,13
609312077974077439,18
609312822949576703,1
608801960665022463,14
608818999907581951,10
609312078125072383,4
608798051624026111,70
608802788687740927,2
608802086276038655,6
608802625076330495,6
608803219996409855,2
608818971268874239,8
608818969507266559,15
609312272958881791,15
609312253144989695,5
608798055784775679,8
608802443999838207,9
609312375819993087,23
608797005262618623,6
608819007474106367,1
608819007524438015,1
608803307858690047,3
608796047652683775,9
608803177600385023,14
608802090403233791,27
608801931522998271,1
608796062416633855,3
608807114256678911,12
608802794207444991,31
608802753757577215,1
608798147371597823,7
608803280679600127,31
609312291229270015,14
608802209454358527,3
608802934498525183,7
608803330608594943,3
608802371941695487,1
608803234777137151,13
609313169919180799,5
609312271197274111,2
609290389345533951,4
608802082132066303,65
609312413417734143,1
608802209907343359,4
608811996560752639,31
608798036037992447,7
608818987341447167,18
608802378770022399,10
609312430631157759,12
608819019083939839,13
608798017247510527,29
608798013908844543,9
608802651886321663,5
609312430698266623,29
609312320052527103,5
608796523387420671,4
608802938525057023,5
608796858327760895,7
608819005125296127,254
608795288215224319,15
609312268647137279,6
608802627341254655,1
609312825768148991,1
608803339450187775,2
609313414262554623,6
609311979827363839,4
608802940823535615,16
608802894065434623,57
608802371539042303,9
608802940806758399,3
608803209611313151,17
609290437764579327,29
608801806750842879,11
609312287286624255,13
608803260546940927,36
608844342378889215,26
608803339198529535,8
608798055315013631,11
608802391084498943,11
608818989186940927,5
608819002021511167,6
608802991289401343,6
608801807522594815,15
608802806723248127,14
608818988918505471,2
608802790382239743,11
608798055566671871,2
608845305911181311,2
608803277777141759,2
608796156268380159,5
608797083008237567,1
608802788922621951,15
608801788765667327,19
609312077957300223,45
608801824266256383,1
608801885603758079,5
609312378739228671,7
608801843341950975,8
608797279804981247,7
608795267679911935,11
609312823033462783,1
608795934188371967,1
608818989103054847,36
608802591589007359,5
608802372814110719,2
608801840691150847,6
608802621787996159,8
608796062903173119,13
608798146633400319,12
608803245850099711,34
608797032911470591,4
608802704013131775,5
609312116041580543,6
608803268298014719,6
608795267663134719,3
608801970379030527,1
608796174018674687,11
608796210123243519,7
608795917562150911,3
608797281650475007,15
608802993906647039,4
608796064346013695,13
609313165557104639,1
608798029444546559,3
608796865760067583,1
608802685323313151,2
608801910316597247,14
608803325474766847,6
608802761273769983,2
608802801320984575,1
608803323612495871,1
609313407937544191,9
608802732953829375,9
608802756660035583,1
608795778781020159,7
608796054833332223,6
608796522934435839,1
609312288393920511,6
608799904499761151,5
608797284485824511,10
608819024452648959,10
608844368803004415,3
608802631703330815,4
608818995327401983,39
608802991104851967,9
609312119933894655,14
608797094316081151,3
609312819862568959,1
608798155089117183,1
608799921914511359,1
608803246319861759,9
608844347277836287,6
609312855212163071,1
609312823385784319,1
609312825801703423,1
608796858344538111,3
608802798502412287,2
608796052702625791,6
608844331943460863,2
608807117679230975,9
608801910417260543,2
608796139256283135,3
608797949383671807,5
609313416795914239,10
608802685088432127,3
608801820222947327,5
608802657825456127,5
608798044091056127,17
608796908441305087,3
608797099584126975,10
608798162739527679,8
608845468331409407,2
608802733994016767,10
608803266385412095,2
608802927837970431,1
608797069116702719,1
609312256785645567,2
608803250279284735,1
608802082266284031,7
609312385936654335,6
609312267992825855,5
609312262053691391,5
608801861998215167,38
608802458528907263,5
608798040752390143,10
608798147958800383,2
608797080189665279,23
608797270208413695,1
608798054845251583,7
608803175016693759,5
608798166296297471,2
608796139591827455,4
608845287473020927,8
608845315105095679,9
608798025636118527,7
608803330726035455,7
609312264956149759,2
608802395782119423,1
608802449267884031,9
609312343288971263,3
609312859523907583,1
609312018381406207,14
608797021435854847,11
608803205886771199,17
609312256634650623,3
608796047669460991,9
608797253783519231,3
608811037323427839,2
608803245749436415,3
608795935949979647,8
608797227694948351,6
608811037054992383,16
608796935519731711,8
608797270728507391,1
608802008144543743,12
608811053798653951,4
608819057990303743,11
608819094078095359,17
608797281214267391,15
608797094383190015,12
608819001971179519,6
608802626301067263,3
608802944078315519,3
608845315390308351,1
608801868759433215,1
608845290442588159,1
608819082183049215,16
608802392477007871,6
608801808915103743,6
608798009395773439,7
608802355617464319,8
608801882634190847,4
608802717636231167,11
608796045521977343,6
608803218637455359,6
608796172810715135,6
608845302035644415,16
609313410990997503,2
608797057137770495,1
608802789493047295,2
608798157588922367,14
608802426903855103,2
608802248260059135,2
608802739362725887,16
608797269117894655,1
608796088639422463,2
608801808998989823,1
608796507113521151,213
608802437054070783,1
608819082703142911,5
608802720656130047,4
608818976419479551,8
608802395882782719,6
609312292688887807,2
608802395111030783,7
608818856126840831,2
608802738993627135,6
608801867132043263,5
608802639991275519,4
608802641367007231,7
608802797411893247,4
608797009238818815,1
608798023203422207,3
608802968505942015,1
608802921311633407,1
608845291499552767,3
608806841727582207,2
608801899361075199,6
608797097705078783,7
608797033666445311,9
608803256973393919,4
608803256721735679,4
608803004962832383,56
609313415940276223,2
608803008939032575,4
609312319364661247,6
608803198269915135,13
609312265073590271,6
609312134295191551,8
608818993112809471,112
608802633985032191,4
608807118199324671,3
608802629606178815,28
609313168493117439,2
609312133741543423,279
609312036047814655,4
609312034168766463,6
608802712972165119,12
608796154120896511,5
608796527497838591,6
608801900820692991,8
609312902054150143,1
608797281012940799,6
609312890293321727,1
608796524410830847,1
608802634287022079,16
608796172928155647,3
608795757356515327,1
608798164048150527,13
608795772640559103,3
609312271750922239,5
608803256621072383,1
608798028907675647,4
608802384541384703,11
608802440375959551,6
609312317502390271,1
608797284234166271,1
608845318175326207,3
609312276817641471,3
608798158679441407,11
608802634085695487,10
608798158712995839,6
608798165608431615,16
608798055868661759,13
609312293796184063,5
608795779418554367,3
609312152263589887,22
608801866981048319,2
608797279955976191,4
608802640729473023,4
608819005376954367,4
608801885805084671,6
608802243025567743,2
608796135800176639,2
608802785651064831,2
608796135565295615,3
609312416555073535,1
608803355086553087,4
608798019210444799,1
608796929094057983,6
608819091393740799,2
608796982546268159,1
608799903996444671,3
608802734111457279,7
608796868863852543,5
608797080206442495,2
608811052708134911,5
609311967915540479,2
608844367829925887,3
608797081481510911,2
609313185270333439,1
608819068727721983,1
608802799106392063,1
609312854155198463,2
609312820802093055,1
609313169046765567,2
608803265211006975,9
608803265294893055,2
608845291918983167,4
608798047949815807,7
608819045390614527,2
608819004588425215,3
609312378252689407,3
608802387343179775,1
608802386839863295,1
608801834819125247,1
608796195510288383,4
608796017336254463,2
608797097839296511,1
608796197909430271,1
608796062567628799,2
609313179247312895,3
608795774720933887,10
609312314868367359,19
609312153253445631,1
608802161152753663,3
608801881963102207,1
608803267140386815,1
608818928252092415,6
608796073355378687,4
608819008161972223,8
608819001602080767,9
608802709885157375,3
609290387869138943,1
609313434814644223,5
608819002189283327,1
608819035928264703,18
608802451398590463,5
609312332517998591,1
609312332601884671,8
609312319867977727,1
608798062629879807,5
608798038151921663,1
608796179018285055,3
608796047736569855,4
608801790980259839,6
608801885788307455,6
608819051044536319,6
609312418232795135,8
608802032790274047,3
608818910350802943,37
608803172550443007,1
608799919582478335,1
609313410286354431,4
608806852330782719,1
608798053435965439,4
608798153948266495,1
609312271616704511,3
608802657305362431,1
608803218654232575,1
608803215433007103,23
609312431470018559,2
608797270644621311,1
609313168509894655,1
608796041965207551,2
608801818612334591,1
609311997711876095,1
608803330373713919,3
608803261788454911,1
608819005678944255,2
609312017810980863,2
608802375448133631,3
608818990160019455,9
608803268113465343,1
608802048829292543,8
609312823452893183,11
609312889739673599,1
609312263211319295,1
608796122864943103,3
608801888472662015,1
608801844348583935,2
608801888439107583,4
608795931168473087,1
608798040030969855,2
608796014903558143,1
609312235713462271,3
608796017655021567,1
609312292034576383,1
608845307320467455,2
609313449041723391,5
608844368148692991,1
608798194112921599,1
608801959759052799,7
608802700523470847,1
608819002944258047,1
609312823369007103,1
608798054492930047,1
608803253164965887,1
608801899814060031,2
608802923559780351,2
608845341613096959,1
609311980766887935,3
608802591840665599,1
609312863298781183,1
609312834509078527,1
609312821288632319,1
608796986858012671,1
608803269271093247,1
608796141101776895,4
609312336141877247,2
608798158847213567,1
608801887214370815,4
608801877684912127,1
608803232159891455,1
608796524125618175,2
608803232361218047,1
609312320086081535,3
608802734866431999,8
609312115907362815,1
608802083071590399,4
608802442909319167,5
608802013530030079,6
608801788681781247,1
608796522028466175,2
608801883707932671,1
608801806700511231,1
608818994371100671,10
609312394962796543,1
608845436723134463,1
608796858277429247,5
608796065100988415,3
608803327655804927,6
608798166363406335,1
608801808864772095,1
608803308261343231,2
608802162931138559,1
608802661382225919,16
608801894478905343,1
608796170780671999,1
608803284186038271,1
608803310207500287,3
608797253028544511,1
608797277993041919,1
608802161169530879,3
609312833770881023,3
608845472559267839,1
608801856495288319,5
608802373166432255,1
608844268273926143,1
608802161135976447,1
608797009188487167,1
608795793310089215,1
608802704818438143,5
608845289687613439,1
609312293410308095,5
608802386135220223,1
608795915582439423,1
608802440644395007,1
609312863516884991,1
608802805699837951,1
608802212625252351,1
608798191009136639,1
608819090521325567,4
608845304015355903,2
609313452665602047,1
608844330064412671,4
608844330081189887,1
608803266284748799,1
608797284552933375,3
608796051108790271,1
609312253228875775,1
608798040819499007,3
609312417930805247,10
609313168258236415,51
608802380951060479,5
608801866863607807,1
609312246853533695,7
608801836261965823,2
608797067355095039,2
609312291850027007,2
608796928003538943,1
608802785214857215,1
609313414732316671,1
609313451809964031,2
608798062898315263,1
608802091275649023,1
608807125061206015,9
609313164701466623,2
608796872521285631,6
608802039903813631,1
608803310106836991,2
609312135805140991,1
609312420430610431,1
608798038655238143,1
608802451599917055,1
608796052937506815,2
608845315558080511,1
608802384474275839,3
609313452430721023,1
608801937730568191,2
609312019555811327,1
608798022532333567,1
608796982781149183,2
608797226218553343,1
608798063099641855,3
608795761265606655,1
608802385766121471,1
608802385682235391,1
608801942579183615,1
608803352687411199,1
608802802596052991,1
608802796405260287,2
608802391420043263,1
608802802294063103,2
608802442422779903,1
608803310996029439,1
608845290258038783,2
608802783973343231,2
609312869724454911,1
609312821540290559,1
608844330936827903,2
608807135244976127,1
608796051511443455,1
608798154921345023,2
609313451826741247,1
609313451239538687,1
608803012244144127,1
608798151800782847,1
608796101926977535,1
608801807371599871,1
608803316649951231,1
608797063747993599,3
609290433100513279,4
608807121756094463,4
608803217614045183,1
608802412894879743,1
609312426755620863,2
608797281717583871,2
609312013029474303,1
608801998011105279,2
608802043393474559,1
608803008754483199,2
608803215684665343,1
608802807578886143,3
608844378802225151,2
608806856709636095,1
608806842180567039,1
608801845137113087,4
608799919431483391,1
608802162897584127,3
609312239253454847,1
608796977194336255,1
608802410663510015,1
608802443446190079,2
608802591102468095,1
608802460089188351,1
608802228731379711,1
608801981988863999,1
608802754193784831,2
609311980817219583,1
608819057570873343,23
608802411284267007,1
608802802847711231,1
608803266603515903,2
608803266301526015,2
608802456029102079,1
608795930480607231,1
608801887700910079,3
608802427038072831,1
608801903622488063,2
608811996913074175,1
608807053724483583,1
608844285369909247,1
608798147707142143,2
609312121192185855,1
608819091578290175,1
608796184739315711,1
608801900501925887,1
608803253550841855,1
608803339164975103,1
608803176274984959,1
608802625948745727,1
608796042971840511,1
608801909511290879,1
608796197037015039,1
608801871628337151,3585
608819014218547199,14774
608802691178561535,205
609312275441909759,373
608844344509595647,695
608798060398510079,74
608798167974019071,1025
608801788480454655,1839
608801790292393983,998
608801924778557439,39
608802623935479807,31
608801858391113727,1057
608845301263892479,284
608798022163234815,379
608819011534192639,1096
608802638833647615,92
608801830742261759,90
608819093474115583,394
608803271083032575,75
608801974975987711,14
608801894193692671,220
608801871896772607,1759
608801865202663423,7312
608801866007969791,634
608803199863750655,35
608819011953623039,259566
608798017096515583,3648
608801864649015295,11276
608798022012239871,1147
608819012607934463,467
608801808965435391,37
608802361187500031,45
609312274435276799,1343
608802632374419455,2054
608819051296194559,180
608797103224782847,13287
608801893908479999,61
608818928033988607,547
608802644487569407,368
608803200820051967,676
608818978080423935,387
608819092115161087,1981
608801865471098879,45001
608798063082864639,151
608801865336881151,2222
608803211876237311,650
608819039770247167,293
608818997055455231,1692
608818970715226111,1174
608818971923185663,587
608802082400501759,45231
608845301297446911,3609
608801805643546623,439
608798008473026559,237
608799919230156799,1152
608802709230845951,106
608819083256791039,78
608802230610427903,333
608802629455183871,2015
608801807740698623,46
608818980680892415,1325
608818980664115199,5982
608803288665554943,776
608819014956744703,1363
608801805240893439,1853
608798043302526975,273
608798164064927743,393
608803211859460095,398
608845331546767359,547
608802000812900351,54
608802389255782399,175
608819088004743167,1306
609313450249682943,175
608796868628971519,500
608818970782334975,48
608801787624816639,779
608819017339109375,1321
608819051111645183,1091
608801843660718079,377
608802373283872767,65
608818980328570879,2659
608802633246834687,1655
608818978315304959,948
608802051127771135,116
608801871175352319,2267
608801789654859775,604
609312391859011583,298
608802441969795071,43
608819020526780415,1046
608797024925515775,70
608801790929928191,1611
608819020006686719,1080
608819087954411519,1313
608819013396463615,1425
608819090202558463,279
608818982509608959,2416
608801871192129535,686
608818986972348415,20
608796069496619007,11
608796173381140479,9
609312412293660671,307
608801873775820799,1078
608801800794931199,490
608818986854907903,49
608802376253439999,378
608819092484259839,726
608802686329946111,186
608845301230338047,2234
608818969993805823,74
608801790225285119,11170
609312275978780671,137
608818995797164031,121
608796207153676287,15
608818858140106751,4866
608802046245601279,367
608803003301887999,9
608801843258064895,691
608818909679714303,125
608803196692856831,328
608801864665792511,1597
608801794016935935,1454158
608819093390229503,669
608801924996661247,175
608802644990885887,21824
609313167184494591,665
609313164030377983,176
608803218452905983,1162
608818978684403711,1049
608818980160798719,9612
609313163476729855,125
608798062696988671,48
608818980513120255,2714
608818982878707711,140
608818968517410815,517
609312378957332479,2167
608818978751512575,1691
608819059617693695,665
608819091980943359,648
608818972174843903,1476
608818978097201151,1030
608801947679457279,97
609312396036538367,54
608818978181087231,869
608802713190268927,147
608801789302538239,591
608818926423375871,474899
609312409709969407,97
608844353435074559,16
608818968836177919,1345
608802239586238463,1572
608797197680508927,171
608801867501142015,193
608796869300060159,378
608802639236300799,270
608819073928658943,699
608797101563838463,34
608796982932144127,9
608802238680268799,823
608819079414808575,77
608801793916272639,3769086
609312414575362047,17
608818973483466751,1170
608801802942414847,347
608819019117494271,490
608818994085887999,2177
608802666935484415,5
608818926708588543,627
608819079616135167,785
608798164601798655,176
608818971872854015,1671
608802695523860479,527
608818976402702335,85
609312276616314879,881
608801931422334975,22
609312379980742655,100
608818926054277119,79
608802641518002175,718
608801813595947007,719
608801875185106943,948
609312409995182079,14
608801833158180863,899
608819092215824383,2750
608819087534981119,1383
608818973668016127,523
609312411169587199,1479
608818994790531071,2115
608802633263611903,1554
608801974992764927,59
608798162588532735,4546
608798147690364927,431
608801972912390143,105
608802082383724543,3361
608801814317367295,1386
608798017046183935,429
608803200887160831,1091
609312407545708543,1250
608798052546772991,1050
608802220141445119,558
608801794151153663,134
608802086292815871,36
608802807830544383,11
608797103442886655,149
608802357026750463,19
608798052647436287,763
608801845103558655,92
608802390178529279,334
608802090319347711,754
609313436878241791,12
608803205115019263,792
608802701949534207,161
608818972309061631,2218
608818970178355199,2929
609312275576127487,584
608801899612733439,287
608818972258729983,1279
608796868545085439,1753
608798043872952319,170
608819021130760191,704
608801901475004415,321
608801834986897407,662
609312292152016895,424
608819044971184127,403
609312413082189823,386
608818925769064447,658
608819017355886591,918
608796912182624255,19
608802364408725503,45
608818996837351423,554
608803205584781311,964
608819022003175423,359
608818978231418879,1190
608797103493218303,204
608818981704302591,2866
608819073962213375,354
608803197330391039,848
608818926607925247,1917
608803269573083135,440
608818925550960639,414
608801830926811135,2276
608818993582571519,1032
608803326548508671,4
608802798619852799,200
608803288581668863,779
608801790829264895,881
608801858625994751,609
608801908756316159,257
608803209879748607,634
608801865940860927,683
608819020946210815,393
608796069479841791,2
609313422818934783,18
608802030508572671,53
609312411740012543,220
608802616352178175,76
608801790258839551,1476
608796062198530047,7
608801880033722367,1265
609290383456731135,11
608803198051811327,830
608801858894430207,528
608803201122041855,100
608819014101106687,1214
608796862673059839,19
608818983113588735,466
609312001755185151,2439
608803005633921023,10
608801840322052095,33
608801873876484095,824
608801866410622975,70
608803283951157247,163
608802633817260031,538
608819005091741695,610
608845299149963263,763
608798019042672639,225
608818857854894079,96
608819021634076671,994
608802090571005951,448
609312276633092095,380
608818998934503423,279
608801833174958079,158
608801858575663103,140
608818977224785919,127
608845331496435711,1036
608818972627828735,38
608798166229188607,5
608796167593000959,18
608803205047910399,100
608819057503764479,88
608803326682726399,37
608803282491539455,603
608801839298641919,612
609312284736487423,840
608803211456806911,669
608801810794151935,108
609312293225758719,106
608803285880537087,983
608803283884048383,188
608801835003674623,893
608802031984967679,37
608802090805886975,247
608796055403757567,2340
608818970446790655,170
608801861461344255,428
608803208638234623,507
608818986032824319,173
608801802002890751,454
608803202766209023,138
608803219207880703,166
608796871967637503,40
608798191680225279,46
608845297522573311,114
608801859884285951,149
609312116226129919,15
608803289135316991,258
608798326854254591,17
608796869031624703,207
608818969121390591,281
608802703056830463,9
608798017062961151,100
608803220214513663,310
608819089816682495,356
608818996266926079,479
609312408183242751,168
608801857485144063,152
608819094413639679,19
608818967309451263,466
608818989556039679,181
608803232948420607,15
608803199444320255,629
608819050591551487,263
608803265479442431,79
609312122098155519,68
608819044585308159,184
608818927497117695,837
608845298126553087,114
608802687940558847,57
608819093742551039,674
608797097386311679,38
608819079431585791,237
609312270828175359,265
608802239468797951,304
608801796348968959,104
608802736208609279,13
608803209275768831,105
608802239116476415,361
608801866142187519,31
609313168727998463,166
608819080773763071,127
608803272005779455,376
608802701362331647,117
608798055650557951,146
608818928302424063,8
608845289603727359,2
608801857954906111,46
608818911122554879,308
608818995411288063,193
608801843459391487,99
609312077118439423,44
609312052271382527,2
608802632709963775,186
608801865068445695,48
608802998738485247,18
608819020409339903,95
608801841228021759,73
608819004470984703,257
608801893321277439,6
608803200551616511,869
608797275895889919,11
608801839718072319,143
608819080018788351,93
608803351865327615,87
608801910383706111,402
608801832940077055,198
608803326347182079,89
608818979724591103,146
608818989572816895,105
609313448722956287,173
608801959155073023,48
609313163359289343,19
608798034175721471,1201
609312036081369087,8
608802690423586815,77
608798054157385727,60
608801858542108671,756
608801817807028223,1692
608798044007170047,180
608818988163530751,281
608818969926696959,108
608802238327947263,8
608818970161577983,540
608802636434505727,419
608801902011875327,324
608818981905629183,235
608802203347451903,36
608801804754354175,389
608819077166661631,307
609312318039261183,377
608802235861696511,95
608802238445387775,737
608802390212083711,54
608818969859588095,466
608803217664376831,532
608802640226156543,10
608802235727478783,135
608801810659934207,177
608801866209296383,519
608801789570973695,795
608801838879211519,177
608818973936451583,56
608819056732012543,18
608802706647154687,355
608803218100584447,51
608819088826826751,368
608802701412663295,67
608803209544204287,4
608802377998270463,28
608819020040241151,144
608818976637583359,143
608801868071567359,330
608818989237272575,237
608802371824254975,50
608801904813670399,161
608819051161976831,89
608802238915149823,113
608802364106735615,105
608818977191231487,111
608803167718604799,166
608803208806006783,6
608801900166381567,25
608818996015267839,259
608803202933981183,448
609313418507190271,52
609313429932474367,254
608803216053764095,36
608796068238327807,134
608803199779864575,70
609313169298423807,129
608818972392947711,915
608802659050192895,17
608802462739988479,4
608802442104012799,55
609312377782927359,80
608801899310743551,169
608802376874196991,46
608801797540151295,141
608798038000926719,23
608798044963471359,257
608801878439886847,34
608802440745058303,51
608802626233958399,97
608803269774409727,74
609313439478710271,16
608819020929433599,22
608801914460569599,1
609313164047155199,73
608798043268972543,218
608801830641598463,83
608802210494545919,85
608803276132974591,137
608801832436760575,116
608801800962703359,133
608801862501531647,10
608801830574489599,239
608845299166740479,13
608819059869351935,89
608801800409055231,427
608802083440689151,305
608803196508307455,139
608799921948065791,6
608818969977028607,1124
608802686531272703,106
608803202548105215,381
608802636182847487,155
608798154904567807,50
608798180305272831,49
608801955195650047,66
608801914477346815,42
608845333694251007,110
609313164063932415,26
608845300810907647,287
609312238901133311,33
609312263077101567,98
608798192250650623,79
608802258208948223,144
608797951078170623,129
608796056175509503,32
608802630059163647,202
608798055382122495,53
608798057261170687,9
608802014989647871,73
608802209471135743,17
608798020804280319,72
608803200585170943,211
609312412562096127,184
608798157572145151,27
608795273048621055,25
608801880134385663,16
608845333409038335,112
608802372696670207,58
608798038269362175,86
608802999627677695,10
608802789157502975,54
608801791735234559,20
608802784057229311,5
608802386957303807,149
609312391640907775,38
608802700557025279,12
608799920723329023,31
608801800828485631,27
609312288058376191,21
609313450149019647,96
608798061086375935,93
608797100641091583,24
608802622459084799,368
608798056925626367,6
608802378602250239,138
608802629421629439,242
608803005147381759,6
608798045030580223,98
608803326095523839,111
608844345163907071,38
608801857233485823,95
608803249473978367,24
609312272153575423,230
608818970614562815,867
608802377494953983,21
608818974322327551,529
608801885872193535,10
609313166077198335,104
608802938944487423,65
608819014939967487,70
608803262140776447,29
608818972611051519,153
608802631602667519,40
608803203118530559,73
609312242726338559,97
609312411068923903,66
609312410179731455,9
608797949467557887,51
608802790835224575,23
608819055624716287,173
609313422768603135,97
609313419648040959,32
609312374880468991,3
608802202256932863,24
608801891995877375,3
608803276116197375,8
609312412595650559,39
609312425094676479,3
608803189277327359,71
608803207681933311,76
608795273031843839,31
608802664922218495,60
608819023462793215,23
608802617123930111,98
608796165227413503,7
608802662204309503,128
608819060322336767,194
608795772607004671,1
608818977057013759,67
609312293779406847,72
608801947830452223,59
608802225459822591,55
608819042051948543,285
608803201860239359,35
608818973869342719,218
608803218318688255,193
608803273717055487,64
608795772388900863,4
608797101261848575,48
608802709197291519,5
608819057403101183,942
608819023446015999,53
608803196860628991,162
608819090689097727,18
608796164606656511,11
608802031968190463,26
608802617962790911,212
608795744102514687,21
608801811196805119,10
608819003497906175,121
608796987461992447,6
608796184756092927,8
608818993079255039,303
609313448689401855,36
608801879379410943,28
608798158645886975,73
608796893912236031,22
608803217630822399,500
608798164299808767,139
608818984388657151,4
608796020809138175,12
608802687907004415,110
608796055454089215,15
608803311818113023,33
608796198127534079,65
608803277844250623,16
608801859045425151,585
608801867249483775,21
608845298646646783,87
608801953987690495,17
608802377679503359,207
608802726209388543,75
608796197942984703,6
608811998171365375,3
608801930331815935,14
608802082031403007,294
608803218050252799,31
608802661717770239,8
608803219442761727,25
608801861914329087,87
608802372294017023,8
608801861595561983,136
608796869400723455,51
608802636132515839,76
608798021240487935,301
609312085892923391,5
608845332217855999,17
609312275358023679,70
608801857686470655,124
608802239452020735,85
608803167248842751,837
608802218312728575,19
609311963150811135,15
608801901860880383,159
608807053674151935,1
608819019570479103,15
608845296801153023,123
608803200568393727,204
608844342160785407,29
608818996350812159,28
608818970513899519,449
608801818243235839,74
608801860521820159,17
608801858005237759,79
609312333692403711,1
608803282005000191,197
608819057738645503,9
608803177617162239,93
608818977308671999,132
608803207530938367,30
608798021827690495,6
608798008003264511,93
608819059768688639,74
608819004286435327,40
609312409592528895,32
608803280008511487,4
608801962107863039,26
608845318041108479,50
608802793653796863,73
608845314333343743,30
608802388853129215,33
608798016660307967,158
608801980093038591,22
608802051094216703,64
608801879060643839,43
608801873524162559,33
608796180863778815,4
608798042832764927,89
608798061858127871,26
608798193659936767,110
608819060221673471,720
608796201214541823,21
608798188358336511,65
608844285688676351,251
608803218117361663,45
608798057579937791,5
608802389171896319,86
608819073156907007,99
608818994891194367,564
608796200946106367,9
608803004207857663,28
608796051092013055,31
608798058049699839,11
608798171245576191,84
608795934104485887,2
608795793377198079,12
608798045936549887,113
608803265563328511,50
608795745125924863,2
608802789996363775,23
608796196533698559,13
608801830859702271,209
609312271650258943,71
608796064329236479,12
608802015677513727,23
608803283464617983,1
608819017171337215,114
608803167634718719,99
608798172688416767,4
608801900971687935,4
608801978096549887,18
608819093289566207,90
608797014355869695,32
608798185506209791,30
608798171732115455,7
608797949115236351,69
608818971537309695,123
608799920689774591,18
608801805928759295,32
608818979372269567,45
608801879731732479,51
608802386923749375,17
608803232260554751,50
608802241213628415,46
608802212306485247,41
608796015507537919,33
609313436626583551,6
608798185774645247,47
609313436072935423,7
608801862165987327,15
608796058490765311,73
608798165960753151,78
608796872370290687,11
608802393332645887,100
608802455559340031,107
608801817706364927,197
608798044594372607,143
608798190455488511,31
608796052534853631,37
608802220745424895,22
608802036615479295,3
608802048359530495,64
608797197831503871,3
608798146314633215,52
608845297740677119,29
608801804670468095,99
608796017453694975,22
608802255860137983,17
608802375951450111,46
608798023488634879,74
609312291648700415,131
608803001389285375,8
608818996501807103,24
608798010486292479,3
608796062164975615,22
608819024435871743,21
608798164316585983,38
608802695406419967,12
608818989958692863,7
608801948132442111,52
608803237360828415,45
608799898141196287,65
608798042144899071,77
608801957192138751,23
608819007390220287,8
608801791651348479,21
608803203202416639,41
608803326598840319,29
608801810961924095,32
608802940672540671,18
608797275979775999,5
608801804972457983,82
608801802657202175,7
608802739262062591,5
608802727232798719,3
608801806851506175,34
608818990059356159,12
608845341730537471,19
608802798284308479,30
608802082987704319,49
608799904281657343,10
609312287420841983,666
608819014453428223,73
608802372277239807,42
608802625059553279,39
608798036222541823,27
608802342933889023,85
608803233720172543,1
608798008389140479,99
608819057604427775,32
608803176862187519,1
608797948712583167,4
609312287253069823,40
608802894098989055,12
608803196776742911,208
608803233099415551,25
608797083729657855,14
608802893864108031,17
608818982023069695,128
608801788430123007,112
608811053832208383,4
609312414021713919,6
609312377715818495,18
608801788614672383,73
609312122500808703,18
608802578435670015,94
609312287370510335,83
608797090088222719,14
608818989438599167,26
608798164585021439,2
608819015124516863,1
608819089179148287,70
608798016542867455,14
608803199662424063,16
608801856092635135,357
608819024570089471,5
608819015023853567,34
608818996803796991,367
608798023236976639,24
608819084062097407,24
608811999396102143,18
608796183212589055,4
608818985697279999,72
608803202984312831,28
608802449368547327,23
608818978717958143,27
608801805341556735,214
608801943787143167,37
608802633280389119,87
608801818293567487,15
608811997164732415,5
608818858106552319,112
608796895103418367,11
609312409558974463,11
608797082706247679,5
608801900267044863,30
608802805381070847,4
608811053949648895,1
609312262993215487,47
609312239119237119,25
608803196827074559,293
608802247437975551,29
608803204913692671,356
609312235663130623,2
608798059760975871,264
608802046597922815,34
608801804687245311,57
608798013187424255,6
608801901223346175,256
608797076179910655,6
608801885150773247,5
608797005044514815,10
608801868490997759,26
608845314350120959,32
608819016349253631,27
608797100607537151,11
609312343423188991,20
609312261432934399,10
608801891911991295,2
608801879278747647,35
608802686246060031,53
608802739278839807,5
609313441475198975,66
608818970933329919,34
608798048167919615,156
608802218614718463,19
608802234754400255,30
609312894353407999,7
608801799972847615,26
608803196357312511,100
609312287689277439,52
608796154087342079,4
608845333308375039,6
608803232143114239,39
609313416091271167,17
608796056007737343,34
608802636400951295,163
608802578922209279,8
609313416074493951,10
608796053054947327,102
608796927768657919,11
609312268630360063,13
608796928943063039,2
608803217731485695,7
609312256651427839,14
609312378051362815,81
608798154971676671,81
608796872420622335,16
608801866175741951,12
608798036289650687,58
609312287169183743,71
608819023479570431,25
608802241012301823,37
608801857971683327,8
608796184856756223,3
608803199041667071,16
608818988297748479,13
608796062617960447,18
608845298394988543,13
608801820122284031,128
608795779535994879,1
608796025003442175,1
608796123049492479,1
608819015359397887,4
609312377430605823,53
608844337177952255,1
609312236015452159,15
608798185539764223,31
609312431537127423,2
608796042116202495,5
609312431587459071,1
609312345168019455,34
608797275661008895,9
608803308882100223,42
608802761374433279,43
608845312873725951,1
608797102889238527,29
608802220493766655,15
608798149821071359,20
609312001855848447,22
608803189025669119,6
608802081947516927,23
608796123972239359,24
609312284015067135,28
608802453512519679,11
608845331966197759,38
608803063766974463,1
608818990462009343,37
608845313175715839,3
609312427510595583,9
608801947931115519,10
608818985680502783,25
608802373401313279,30
608798050902605823,5
608803063800528895,6
608797093544329215,25
608801816867504127,54
608819085454606335,15
608798063300968447,21
608802374894485503,14
608845317269356543,6
609312120806309887,4
609312261651038207,10
608801887734464511,6
608797093577883647,11
608798028488245247,29
609312345822330879,30
608797269134671871,4
608797254504939519,3
608797269705097215,1
608819019604033535,106
608819003950891007,166
608802202928021503,46
608801802741088255,28
608818993297358847,220
608801882583859199,5
608803014223855615,6
608798181764890623,13
608845302069198847,31
608802908997156863,6
608801888086786047,26
608802994024087551,24
608803311465791487,28
608798061623246847,16
609312375232790527,58
608803196843851775,80
608802082350170111,66
608807123232489471,7
608797080290328575,26
608801813914714111,44
608797005296173055,19
608802150683770879,3
608801964859326463,5
608803234743582719,9
608802668411879423,11
608802407626833919,13
608796954494763007,38
608844348737454079,27
608802739228508159,18
608801788866330623,24
609312291917135871,8
608803268247683071,12
608801862568640511,18
608798035786334207,56
608801798580338687,1
608796067030368255,15
608803261654237183,10
609312378068140031,65
608803256268750847,2
608819005544726527,39
608802377142632447,1
608802441416146943,2
608802376924528639,7
608818995545505791,79
608798043654848511,13
608802385631903743,8
608801807304491007,23
608819020593889279,25
608802657255030783,14
608802713492258815,28
608797013567340543,22
609312263546863615,5
608798051573694463,8
609312115924140031,5
608802372143022079,9
608844378567344127,3
608803191122821119,24
609312430094286847,17
608844331993792511,10
608796895170527231,13
608818967242342399,17
608803209040887807,1
608819053930217471,3
608802243830874111,45
608844374389817343,8
608801861494898687,60
609312317519167487,2
608819022137393151,13
608818989421821951,11
608845300408254463,8
608807108837638143,18
609312263311982591,26
608797099416354815,2
609312242256576511,27
608802455794221055,21
609313416829468671,10
608797024992624639,31
608797080089001983,14
608802657959673855,9
608803261150920703,40
608818987928649727,10
608803177633939455,12
608802202223378431,19
609312377766150143,7
608818987425333247,9
608801841127358463,13
608845290845241343,3
608802411217158143,9
608802662053314559,1
608818978566963199,653
608802735805956095,16
608797265108140031,1
608802735554297855,6
609313449360490495,2
608796939848253439,7
609312283947958271,11
608797034639523839,11
609313419379605503,10
608811052674580479,7
608798158629109759,102
609312122131709951,8
608845289737945087,9
608819024117104639,41
608802698208215039,2
609313442263728127,30
608797103107342335,11
608796935955939327,7
609312235646353407,20
608802015190974463,66
608798038554574847,26
608797100959858687,243
609312407445045247,10
608796207606661119,6
608802350080983039,3
608802441248374783,12
609312012912033791,1
609312266952638463,22
608801900082495487,23
608798040198742015,319
608819049215819775,1
608819018983276543,2
608818976302039039,4
608818984959082495,11
608802357194522623,25
608802619304968191,8
608845313444151295,14
608845472542490623,2
608803167232065535,11
608819041481523199,9
608801978113327103,25
608802590783700991,11
608798163913932799,4
609313415134969855,3
608802387175407615,5
608802717032251391,14
609312073293234175,18
608801839969730559,25
608795758631583743,16
608801842553421823,23
608802703811805183,24
608802941746282495,5
608802715555856383,17
608802944430637055,4
608819004554870783,12
608819020711329791,35
608802386319769599,18
609312077420429311,7
608798038319693823,11
608802798368194559,9
608802375347470335,1
608799903006588927,35
608819002826817535,283
608802641736105983,25
608802718844190719,15
608797094332858367,11
608819058124521471,11
609312343188307967,3
608796052853620735,21
608797035042177023,55
608796929026949119,5
608801899092639743,3
609312289853538303,4
608819003900559359,21
608798056522973183,24
608798193626382335,48
608795743548866559,19
608803236958175231,6
608803218067030015,13
609312274586271743,3
609312823318675455,9
608797005212286975,3
608802378031824895,81
608797081699614719,4
608818989321158655,5
608802710505914367,5
608845317906890751,11
608802936411127807,8
608802990349877247,8
608795912445100031,3
608795882313220095,2
608802449922195455,14
608803323008516095,2
608798157387595775,17
608803322941407231,2
608803316750614527,2
608801930583474175,2
609312287336955903,1
608844285537681407,34
608803177667493887,59
609312292923768831,7
608818988314525695,458
608802787144237055,29
608802394171506687,11
608797014557196287,14
608801813478506495,3
609312264301838335,5
608798029964640255,12
608807122242633727,57
608795793242980351,4
609313108564901887,4
608802934783737855,6
608798145492549631,4
608844348771008511,29
608802369643216895,40
608844369557979135,6
608802378736467967,52
608802790264799231,8
608797068344950783,175
608802750116921343,2
608802806773579775,1
608797048128405503,2
608796914061672447,15
608797255679344639,2
608796122042859519,2
608797067304763391,4
608798062998978559,14
608802626737274879,8
608797100523651071,6
608797254488162303,1
608795776734199807,4
608802416820748287,2
608802591605784575,2
608796865810399231,11
608798185153888255,1
608819079213481983,9
608796137729556479,5
608798035987660799,11
609290387466485759,6
608795770123976703,11
608795883655397375,4
608802785298743295,45
608797101177962495,108
608795759051014143,3
608802387242516479,18
609312314901921791,5
608818916206051327,1
608802785533624319,27
608802385699012607,11
609312410464944127,8
608802632659632127,1
608802797395116031,5
608818990512340991,21
608802909181706239,6
608818850355478527,3
608801807874916351,1
608845302572515327,1
608818989371490303,9
608802763572248575,17
608803268314791935,3
608803287759585279,9
608796037150146559,2
608796128904740863,17
608802667908562943,2
608796020909801471,37
608802717015474175,17
608797006235697151,8
608818997105786879,12
608802227389202431,14
608803268163796991,72
608803310543044607,8
608796062836064255,45
608802458461798399,3
608797068714049535,4
608801806348189695,4
608796062181752831,12
608798036558086143,20
608802229939339263,2
608796527447506943,1
609312077923745791,11
608818994555650047,7
608803237478268927,4
608844331960238079,15
608803005063495679,1
608797023902105599,7
608798155189780479,20
608802616838717439,3
608802090453565439,11
608802444838699007,5
608802625579646975,6
608796062148198399,11
609313167218049023,11
608802622391975935,9
608803262090444799,7
609312236049006591,9
608795744018628607,18
608801839550300159,25
608818977157677055,4
608796124156788735,14
608802685826629631,10
609313405504847871,1
608801790577606655,47
608807097395576831,1
608807055939076095,1
608796201281650687,4
608807019985502207,1
608801839684517887,65
609312018364628991,3
608803167735382015,14
608803201273036799,32
608798189918617599,5
608818987878318079,25
608802411854692351,1
608795273283502079,3
608797006135033855,4
609312251534376959,13
608795770694402047,11
609312384997130239,6
609312890947633151,1
608802801505533951,2
609312893162225663,1
608802990383431679,21
608802225728258047,9
608796523353866239,3
608803356512616447,13
608796525786562559,2
608802649722060799,6
608803003167670271,10
608803232629653503,2
608801819736408063,2
608818975815499775,9
608819004202549247,4
608802145231175679,13
608802385111810047,21
608796184688984063,13
609312292185571327,10
608802686111842303,4
608796180326907903,6
608802441852354559,5
608802513809833983,6
608801868172230655,3
608796052098646015,2
609312420480942079,1
609312419843407871,3
608802932804026367,2
608802936662786047,1
608796086223503359,4
608819003363688447,10
608796045538754559,5
608797227762057215,5
608797088779599871,9
608818999890804735,25
609313439445155839,3
609313448941060095,1
608797007393325055,1
608845290123821055,8
608803209560981503,7
608796161351876607,15
608844347797929983,14
609312120269438975,2
609312133657657343,1
608802631401340927,6
608844284380053503,2
609311961640861695,2
608796017151705087,8
609313419077615615,10
609312256684982271,4
608798022934986751,3
608801902766850047,20
608803327622250495,2
609313180841148415,2
608819054500642815,1
608819055322726399,1
608802584475467775,9
608802780315910143,1
608802796153602047,2
608802003161710591,1
608802378249928703,3
608798164098482175,13
608802248679489535,3
608795270028722175,2
608797029069488127,8
608802591941328895,21
608795740445081599,2
608819039367593983,10
608796064631226367,3
608801883523383295,1
608798182133989375,2
608798061522583551,2
608802015258083327,2
608795787572281343,2
609312356610080767,2
608802046161715199,11
608798178275229695,2
608802008077434879,4
608803286836838399,1
608819020660998143,4
608803302036996095,1
608807127108026367,4
608798173762158591,1
608844348016033791,4
608802431752470527,4
608802804240220159,1
609312859054145535,5
608803310626930687,6
608803231857901567,2
608798155978309631,21
608795286118072319,2
609312339547652095,2
609312373135638527,1
609312339530874879,3
609312821708062719,1
608803244205932543,1
609312855497375743,1
608819082417930239,1
608801841798447103,2
608802462488330239,10
608819007155339263,1
608819007339888639,1
608798021861244927,23
608807116118949887,1
608844283960623103,97
608796165328076799,10
608845287204585471,5
609290387969802239,1
608802375213252607,2
608819081595846655,1
608802017321680895,11
608801834802348031,5
609312429171539967,1
608801980009152511,6
608798040483954687,5
608801839466414079,5
609312419440754687,1
609312428936658943,5
608798151851114495,6
608802787664330751,3
608802784493436927,4
608803206222315519,10
608803356764274687,2
608801925265096703,2
608802448831676415,4
608802410294411263,3
608819057772199935,2
609312378990886911,3
608802386655313919,3
608818974221664255,4
608802442389225471,1
608798194968559615,6
608798164232699903,3
608803320391270399,4
608802162746589183,1
608797279972753407,2
608797069804568575,1
608803340674924543,3
608819024955965439,2
608798165625208831,19
608801893774262271,2
609290406005309439,6
608798019797647359,2
609312378890223615,2
608803352553193471,2
608819004353544191,112
608795796497760255,3
608796155999944703,2
608801887197593599,4
608798029377437695,2
608796195996827647,18
608802463125864447,3
608796524679266303,4
608819051598184447,2
609312017777426431,1
609312429154762751,4
608802625428652031,2
608801997793001471,2
608795759906652159,2
608844336641081343,3
608801910484369407,4
608801818712997887,1
608818971738636287,19
608818969641484287,44
608844267820941311,13
608819025677385727,5
608819007373443071,1
608802687336579071,9
608795757658505215,2
608796954444431359,1
608802226198020095,5
608810917148229631,1
608801960782462975,2
608845292271304703,3
608802754579660799,2
609312422594871295,3
608802627425140735,7
608802452824653823,8
608803004392407039,4
608798190807810047,2
608801907699351551,4
608798021072715775,1
608802410780950527,6
608796153433030655,2
609290406189858815,1
608796201164210175,7
609312238481702911,3
608801831379795967,2
608803325290217471,2
609312420128620543,3
608802375548796927,2
609313436056158207,3
608802030693122047,7
608802350886289407,3
608802661851987967,15
608797099466686463,1
609312834257420287,26
608798151297466367,1
608801835943198719,3
609313415202078719,4
608797097654747135,1
608795757373292543,6
608795758379925503,3
608798044107833343,3
608806839529766911,1
608802783772016639,14
608807109710053375,1
608803265412333567,5
609313453873561599,4
608819073207238655,18
608802046262378495,4
608801868272893951,3
608801900384485375,6
608802208430948351,1
608802923492671487,1
608844374507257855,4
609312791341301759,5
608802593317060607,8
608801844247920639,2
608801973231157247,2
608803280612491263,4
608803208604680191,50
608807134640996351,1
608798148025909247,12
608803283531726847,4
608802923039686655,1
608802633884368895,5
608802450173853695,2
608798174886232063,3
608819079364476927,1
608798051791798271,2
608803268633559039,1
608802394725154815,7
608802442942873599,1
608795915095900159,5
608803322991738879,3
608797080525209599,7
608801825725874175,3
608818984556429311,43
608819015141294079,17
609313431861854207,1
608845317688786943,1
608845289402400767,5
608801857988460543,4
608796118620307455,4
608802386084888575,3
608802440594063359,2
608802760317468671,5
609312291246047231,2
608803321280462847,2
609312388285464575,1
608801882499973119,1
608798175590875135,3
608845468834725887,1
608844267837718527,1
608802945403715583,1
608803313831378943,1
608802945118502911,1
608802670794244095,1
608802090722000895,1
608796180360462335,5
608801966151172095,1
608802048057540607,1
608802656818823167,1
608797298528354303,3
609312015814492159,2
608802212373594111,16
608807124104904703,1
608795740663185407,1
608807097865338879,1
609312135989690367,1
608802339461005311,5
608801893824593919,6
608803325273440255,7
608802751190663167,1
608802751157108735,1
608802931965165567,2
608801815827316735,29
608796172877823999,2
608845290023157759,5
608797063781548031,3
608819001568526335,3
608795777120075775,2
609312018129747967,1
608802032773496831,1
609312345503563775,1
608802039719264255,1
608802082048180223,12
608801815625990143,1
608803014240632831,1
608801815525326847,1
608802387158630399,1
608798147656810495,3
608802808249974783,1
608801997843333119,1
608796130129477631,1
608798052999757823,2
608802938793492479,1
609312067488317439,2
608797033381232639,4
609312289803206655,1
608802657221476351,2
608796138434199551,1
608797005329727487,2
608796197238341631,2
608796024701452287,4
609313432298061823,1
608796044733448191,1
608802150700548095,1
608797194006298623,1
609312903681540095,1
609312418484453375,3
608803231656574975,1
608802248662712319,1
609312833468891135,1
608796132427956223,1
608803338896539647,2
609313416342929407,4
608802617073598463,1
608798194381357055,1
608803170855944191,1
609312414055268351,1
609312291782918143,3
608802034652545023,2
608819000192794623,1
608845300425031679,1
609312317619830783,1
608795896422858751,1
608803310274609151,1
608802943960875007,1
608798037245951999,4
608802806320594943,1
608818987811209215,1
609313451658969087,1
608796199805255679,11
608797068663717887,1
609312422108332031,1
608797027005890559,3
608802350802403327,1
608802632475082751,1
609312274351390719,2
608802393617858559,1
608797052842803199,1
608818847033589759,1
608802755384967167,1
608798054006390783,1
608845309518282751,3
608802702536736767,1
608799919699918847,2
608802385229250559,1
609312256483655679,1
608798026072326143,3
608802384558161919,1
608802938827046911,2
608801933905362943,1
608844344157274111,1
608819020375785471,1
608802431601475583,1
608801863239729151,1
608819057889640447,1
608797267792494591,7
608797047524425727,2
609312890008109055,1
609312833032683519,1
609312825248055295,1
608798019327885311,1
608801797271715839,2
608807084829442047,2
609312409743523839,1
608797278076927999,4
608802755888283647,1
608798174634573823,3
608845306246725631,1
608845306783596543,2
608798195086000127,1
608796871917305855,1
609312825264832511,1
609312903849312255,1
608801954088353791,1
608801910501146623,6
608802761558982655,1
608801861041913855,6
608802389104787455,3
609312900091215871,1
608801833695051775,1
608802386537873407,1
608801972492959743,2
608801891945545727,3
608802382612004863,1
608803249071325183,1
608802248696266751,2
609316977474797567,11
608802355651018751,1
608802358033383423,1
608801882248314879,1
609316977390911487,5
608798054526484479,1
608803246303084543,1
609313167268380671,1
608802407610056703,1
608801930482810879,1
608802660912463871,1
608802051496869887,1
608802660442701823,1
608807087597682687,9
608803177399058431,3
609312330437623807,2
609312381843013631,1
608798193995481087,1
608795745713127423,2
608810910336679935,1
608810915587948543,1
608796920973885439,1
608803215785328639,2
608801883238170623,1
609312067454763007,3
608802031615868927,1
608796172894601215,1
608819007625101311,14
609312413652615167,2
608802921210970111,1
608799921511858175,1
609312317535944703,2
608798063015755775,1
608797284284497919,1
608802146405580799,1
608797284636819455,1
608798175506989055,8
608803331044802559,1
609312431805562879,1
608819020023463935,117
608801860488265727,80
609312283629191167,393
608819005242736639,2269
608803288632000511,464
608819011248979967,32133
608818977342226431,336
608819088038297599,3926
608819091460849663,190
608801871812886527,2410
608802239519129599,1825
608819017490104319,405
608818927111241727,6130
608819048041414655,283
608801794134376447,2621
608802162159386623,2
608802035105529855,774
608801788916662271,286
608819088289955839,703
608802622509416447,180
608818988901728255,9
608801790762156031,99
608802685172318207,253
608818979925917695,284
608802081561640959,193
608801788497231871,1132
608801865454321663,105885
608798162471092223,89488
608819021449527295,18446
608801787826143231,2777
608819051178754047,113
608818970732003327,722
608802636367396863,1266
608818982006292479,2161
608801869849952255,50201
608801856142966783,21
608802641551556607,456
608801843375505407,1653
608819083978211327,1720
608801873910038527,1327
608802641786437631,245
608818979657482239,606
608802238948704255,239
608845333492924415,40438
608802629589401599,1191
608801861209686015,55
608818981217763327,1157
608818981637193727,1800
608801844063371263,1436
608819022842036223,232
608798022297452543,365
608818982794821631,1715
608803203219193855,869
608801866544840703,1743
609312408149688319,2009
608802246951436287,103
608818981200986111,2794
608844352847871999,37661
608818967980539903,1523
608819093256011775,2662
608801832906522623,678
608818998968057855,379
608795268149673983,473
608819072787808255,309
608818980462788607,1193
608802621251125247,56
608845297287692287,2687
608801810307612671,669
608802083105144831,185
608801803194073087,441
608819019218157567,271
608819022741372927,240
608818926641479679,13190
608818980647337983,437
608801857367703551,17355
608801857619361791,2782
608802239619792895,1190
608802700825460735,194
608818985663725567,380
608802081880408063,2421
608802647541022719,144
608802372361125887,156
608801810156617727,955
608802244216750079,194
608819041850621951,465
608818995629391871,1454
608801857267040255,255017
608844344492818431,780
608819004974301183,392
608819016668020735,965
608818972678160383,1893
608803200987824127,1377
608819011517415423,10522
609312317770825727,97
608845331160891391,10880
608803282072109055,406
608818982341836799,3669
608801790242062335,2316
608819073827995647,615
609313408407306239,15
608801856243630079,126
608801866997825535,109
609312408099356671,1464
608818981804965887,352
608802632391196671,811
608798016458981375,10723
608845331093782527,7185
608803289319866367,645
608801794235039743,6129
608801794268594175,25250
608818978214641663,1048
608818997827207167,461
608801856562397183,159
608819012725374975,1405
608803309569966079,91
608802239384911871,358
608818968819400703,1686
608818979623927807,1678
608819093457338367,166
608802090872995839,302
608802033041932287,1106
608818980244684799,1825
608818980848664575,1115
608801790124621823,6605
608818980194353151,3880
608803220550057983,606
608803206188761087,201
608801830826147839,1602
608798163058294783,492
608798148193681407,1434
608818995679723519,453
609313422282063871,8
608801901391118335,1953
608801856545619967,302
608796869115510783,644
608801800039956479,2690
608802707804782591,220
609312378504347647,60199
608845295492530175,3374
608801787708702719,55132
608845333425815551,4723
609312270811398143,601
608818970597785599,743
608818926842806271,378
608818928168206335,1238
608818985495953407,893
608818926691811327,699
608818979707813887,515
608818978533408767,241
608801791164809215,855
608801859817177087,500
608819094262644735,336
608818967795990527,526
608818976067158015,2632
609312294215614463,135
608819025358618623,2095
608802257672077311,688
608802257638522879,290
608798016911966207,1501
608801901978320895,333
608801830775816191,481
609313408742850559,9
609312392043560959,66
608801901625999359,352
608801800862040063,463
608798019126558719,7368
608801860437934079,41
608819013581012991,2990
608801790376280063,1429
608801789822631935,984
608818976687915007,3190
608819011601301503,57987
608801806331412479,484
608802446835187711,30
609312317787602943,112
608802256128573439,100
608818995897827327,1331
609313167083831295,18973
608801814418030591,247
608801794084044799,2369
608801899897946111,181
608801789721968639,1123
608798166245965823,76
608819012339499007,7506
608801838979874815,500
609312277102854143,1975
609312407830921215,849
608818981368758271,66
608803201927348223,127
608803197196173311,576
608818969356271615,633
608818967208787967,330
608801884530016255,8
608801794486697983,1520
608803204964024319,473
609312291816472575,140
608818978785067007,2537
609312390986596351,64
609312408317460479,379
608801874933448703,91
608818989488930815,1115
608818980781555711,661
608801833846046719,138
608798163544834047,23
608801857401257983,767
608801799737966591,100
608818970463567871,216
608819019251711999,1628
608845317118361599,2
608844284296167423,419
608818973030481919,732
609312276414988287,1775
609313435317960703,9
609313167167717375,245
608819003883782143,933
608801834416472063,99
608798043570962431,60
608798164165591039,25
608798008221368319,1966
608845286835486719,30
608844268223594495,66
608802094849196031,352
608818976671137791,215
608801880570593279,151
608819060439777279,694
608801840254943231,1204
608798190992359423,25
608801801751232511,71
608801791148031999,480
608845317420351487,14
608818986703912959,152
608802667002593279,62
608845292304859135,28
608819092131938303,249
608798061606469631,422
608818928285646847,736
608802793452470271,39
609312276213661695,521
608844344392155135,798
609312276716978175,147
608802632542191615,740
608845332201078783,47
608845318443761663,7
608801883338833919,18
608803200031522815,578
608803218989776895,321
608801843190956031,635
608802661700993023,127
608819072922025983,79
608801866024747007,1450
608801797707923455,20
608818926037499903,83
608818994924748799,732
608818979053502463,1055
608803206037766143,512
608819093692219391,619
608802759109509119,98
608802082635382783,423
608801842737971199,299
608798016358318079,904
608801867517919231,76
608802638598766591,29
608803196189540351,829
608798020854611967,33
608818981469421567,381
608845302085976063,21
608818996568915967,816
608818994622758911,234
608818974255218687,599
609312351174262783,77
608819092970799103,46
608818976906018815,55
608844285386686463,286
608798146331410431,154
608796015205548031,74
608819085857259519,111
608803237293719551,471
608802453596405759,186
608819079599357951,154
608802239082921983,1352
609313452648824831,479
608797103509995519,144
608798021794136063,1205
608818977728102399,107
608803209829416959,1702
608819020291899391,491
609312392110669823,101
608818981167431679,40
608798036256096255,107
608801789084434431,730
608801811398131711,24
608801807220604927,61
608803220298399743,29
608802244535517183,95
608818998800285695,1090
609313450065133567,92
608801868457443327,213
608798190036058111,134
608802377964716031,31
608844345432342527,122
608802584408358911,80
608818982912262143,332
608803208587902975,218
608803202732654591,517
608803206239092735,629
609313450199351295,179
608818998565404671,1061
608801875050889215,311
608802082098511871,185
609312410280394751,249
608819085421051903,1262
608803211725242367,363
608803219778306047,116
608819084749963263,471
608802376068890623,449
608844369390206975,300
608801833879601151,67
608818968047648767,216
608801871091466239,1196
608796164220780543,6
608819091041419263,279
609312105169944575,86
608802357714616319,70
608796050790023167,13
608803206020988927,275
608818995142852607,2
608798045852663807,98
608819001870516223,360
609312238850801663,44
608803199729532927,112
608796019869614079,19
608802702788395007,111
608803248735780863,253
608819093943877631,186
608797014053879807,45
608798039041114111,20
608818978365636607,286
609312390449725439,15
608803249171988479,796
608802636283510783,226
608818995562283007,146
608845331647430655,156
608801797456265215,459
608801796063756287,32
608801800442609663,645
608818986720690175,204
608803271754121215,355
608801807489040383,33
608802793670574079,134
608803196910960639,499
608819021365641215,1388
608803231522357247,193
608818982962593791,556
609312263026769919,110
609312266902306815,68
608801866192519167,307
608797018214629375,50
608798054107054079,53
608797018113966079,39
608818969591152639,452
609312410297171967,242
608796048021782527,7
608819004890415103,188
609312411521908735,224
608819019184603135,168
608819014671532031,44
608802090218684415,47
608801907816792063,183
608803234357706751,32
608803261369024511,45
608802358368927743,130
608818967275896831,207
608798051976347647,593
608797024304758783,50
608801858558885887,1264
608798061069598719,436
608819055809265663,15
608802358385704959,114
608801880235048959,250
608818997575548927,34
608802377528508415,16
608801811767230463,251
608798023069204479,41
608802644336574463,44
608801839516745727,386
608844353955168255,120
608802389339668479,96
608802365616685055,75
608803278196572159,15
608819022590377983,444
608802248612380671,49
609313415470514175,136
608845297556127743,345
608802092047400959,676
608802636501614591,17
608803217832148991,234
608802621771218943,30
608802700070486015,112
608798174299029503,106
608798175574097919,49
609312267372068863,66
608818996703133695,67
608798173795713023,69
608802244518739967,566
609313414581321727,235
608801791382913023,457
608802337699397631,65
609312122400145407,57
608803218905890815,236
608819092064829439,921
608796938808066047,3
608801802170662911,111
608798057227616255,24
608819014235324415,522
608801791684902911,73
608803248987439103,152
608803199343656959,60
608803199058444287,231
608803211926568959,316
608797067724193791,14
608802999409573887,59
608801819702853631,49
608819089833459711,38
608797067774525439,75
608801806062977023,300
608819072586481663,542
608803209812639743,432
608803211205148671,111
608801808495673343,205
608845314299789311,116
608803211423252479,866
608803200467730431,31
608845295710633983,147
608799903677677567,313
608801798563561471,41
608801808428564479,53
608819086092140543,522
608801924828889087,53
608801798479675391,19
608801794587361279,66
608796977127227391,5
608798054174162943,22
608803271250804735,173
608845298260770815,65
608797284603265023,5
608796195980050431,16
608819045004738559,175
608801841362239487,53
608803237243387903,97
608801791903006719,46
608803269858295807,115
608801833208512511,155
608802385178918911,1
608818997290336255,833
608803196994846719,305
608803200518062079,163
608801860958027775,28
609312073175793663,33
608803005650698239,82
608797269503770623,8
608796195745169407,29
609313419312496639,128
608801908420771839,9
608845297572904959,101
608802635931189247,129
608845333258043391,12
608796066980036607,6
608797015396057087,94
608803203437297663,8
608795917830586367,20
608802759814152191,60
608797029254037503,20
609312276163330047,50
608802586807500799,9
608818926087831551,80
608803231958564863,29
608819020560334847,28
608801794654470143,44
608802641601888255,143
608803311868444671,90
608796868679303167,2417
608819044803411967,65
608803196239871999,114
608803311348350975,90
608802463260082175,10
609312274569494527,778
608801796164419583,49
608802636468060159,364
608802458864451583,1
608802632508637183,41
608798036792967167,23
608797101127630847,43
608803165638230015,49
608803208571125759,67
608802622375198719,112
608801841865555967,42
609312407646371839,60
608802617878904831,41
608802453831286783,7
608795792454451199,12
608801817991577599,187
608801797053612031,159
609312414491475967,49
608795743582420991,17
608818989002391551,66
608798020871389183,62
608798012214345727,124
608803175067025407,4
609312265291694079,74
609312156457893887,230
608803219727974399,51
608796196701470719,15
608845287355580415,3
608803275109564415,78
608801820457828351,64
608845292455854079,40
608798040651726847,314
608795772925771775,2
608819021181091839,494
608818970128023551,134
608802706882035711,66
608845287103922175,3
608803277928136703,59
608819001937625087,86
608802220829310975,48
608802411317821439,15
608803201692467199,44
608802202240155647,189
608818993716789247,200
608798060650168319,123
608799903224692735,26
608803309418971135,26
608802631585890303,1369
608801873809375231,118
608802209773125631,63
608801792540540927,122
608803201524695039,118
608801874111365119,52
608819015896268799,45
608801899864391679,38
608802372176576511,104
608845298327879679,8
608818987240783871,137
608845316900257791,8
608801879043866623,175
608798062160117759,7
608801818545225727,33
608801809166761983,23
608798166111748095,55
608799898174750719,25
608798172117991423,25
608818911005114367,27
608802393265537023,154
609312287991267327,18
609312072974467071,114
608801798815219711,11
608819090739429375,55
608797064721072127,177
608819087786639359,98
608819080572436479,521
608801819098873855,21
608797100137775103,137
608803280713154559,95
609312283729854463,50
608795743313985535,25
608798021106270207,138
608819005142073343,210
608802377360736255,41
608802732802834431,11
608802790717784063,3
608819059684802559,17
608802220460212223,13
608796045773635583,36
608801811851116543,345
608795896489967615,1
608845295358312447,110
608795884410372095,1
608801862736412671,48
608818993549017087,93
608802458898006015,15
608801861226463231,63
608802354711494655,34
608798062613102591,42
608802616972935167,171
609313448169308159,31
608798022364561407,41
608798151817560063,44
609312344933138431,20
608803260530163711,77
608802618214449151,108
608798182184321023,41
608802337632288767,11
608811047356203007,22
608799920907878399,22
608819091125305343,43
608798167990796287,52
608802393030655999,173
608796055336648703,101
608803251353026559,17
608802370163310591,86
608803269388533759,123
608798062562770943,64
608818993565794303,110
608802377645948927,43
608796067265249279,9
608818993414799359,163
608819083491672063,55
608798034276384767,12
608801859078979583,44
608818985613393919,54
608818969054281727,139
608798039225663487,31
608802389759098879,45
608802887471988735,11
608802686095065087,28
608803236924620799,87
608803309637074943,4
609312392077115391,8
608807118299987967,54
608797029287591935,13
608798188576440319,39
608801811784007679,259
608802657104035839,94
608803198437687295,22
608819023144026111,9
608819023395684351,9
608819083223236607,69
608818975832276991,120
608819042840477695,156
608798011258044415,63
608802668160221183,19
608802694114574335,22
608802661969428479,78
608803236572299263,87
608801863273283583,12
608798042178453503,20
608798036423868415,3
608802656500056063,40
608795913736945663,3
608797281063272447,30
608802443462967295,2
608803277911359487,71
609312373051752447,34
608801894109806591,54
608795759353004031,2
608802763521916927,6
608845300341145599,74
608845297774231551,56
608798016962297855,23
608803307992907775,18
608818994958303231,151
608802991020965887,24
609312276079443967,27
608803358056120319,9
608818970799112191,45
608801862920962047,106
608796015440429055,43
608796021094350847,21
609313168207904767,32
608802992128262143,64
608803309100204031,51
608795744370950143,11
608819082501816319,31
608801796130865151,12
609313414648430591,41
608801856327516159,66
608796183095148543,12
608818998531850239,106
608802942719361023,75
608802247068876799,105
608796165864947711,13
608818993196695551,77
609313433589907455,5
608803308596887551,199
608796015339765759,5
608796017101373439,19
608802371723591679,9
608802621871882239,13
608819001702744063,39
608801862098878463,33
608801857736802303,60
609313449528262655,10
608802371891363839,66
608802733121601535,25
608844352680099839,29
608797086967660543,36
609313435569618943,7
608801875688423423,30
608802449385324543,48
608795768496586751,113
608801905853857791,8
608801914208911359,98
608819014906413055,161
608801903807037439,6
608802732316295167,12
608802203079016447,37
608803201558249471,30
609312373907390463,21
608802793771237375,50
608796166049497087,16
608845297707122687,33
609313186595733503,13
608802998805594111,18
608802698241769471,6
608801953568260095,146
608796183162257407,8
608801839416082431,104
608819018748395519,30
608801862904184831,338
608802361019727871,26
608797227359404031,6
608803276367855615,80
608802241297514495,69
608818985881829375,12
608801818276790271,9
608818976218152959,62
608801832503869439,7
608802584324472831,2
608801868558106623,30
608802342749339647,90
608819019385929727,20
608803200182517759,91
608803201591803903,51
608802373837520895,7
608798044762144767,80
608798062847983615,170
608798044678258687,94
608802788738072575,18
608802015107088383,5
608818973835788287,6
608819016936456191,21
609313167234826239,5
608798038302916607,27
608818987693768703,359
608803314703794175,16
608807117746339839,25
608803004610510847,20
608802690859794431,1
608819089716019199,17
608798147556147199,17
608802441617473535,18
608797103073787903,210
608818996367589375,22
608796017118150655,21
608801808076242943,66
608798326887809023,26
608798150408273919,8
608796017504026623,8
608801805911982079,322
608796064966770687,21
608797101530284031,38
609312122031046655,3
608797067858411519,18
609312406102867967,33
608819024351985663,12
608819018949722111,19
608802631502004223,30
608802363284652031,57
608819004571647999,14
609312376054874111,20
608798052613881855,46
608798165172223999,15
609312077940523007,4
608796935905607679,2
609313406578589695,30
609312275542573055,6
608797089484242943,8
608801792003670015,38
608801834114482175,193
608802258041176063,1
608802258259279871,26
608845287674347519,7
608802635998298111,14
608818857871671295,48
608802783923011583,13
608819015174848511,151
608802046279155711,52
609312288326811647,53
608802361170722815,15
608797014305538047,70
609312410045513727,6
608801859582296063,28
608797067925520383,35
608802244015423487,55
609312421705678847,1
608802790281576447,17
608801819652521983,107
608818910468243455,30
609312417528152063,1
609312256315883519,10
608802389943648255,40
608802441751691263,32
609312416739622911,1
609313449561817087,1
608803266720956415,96
609312287974490111,15
608797035562270719,33
608803206910181375,43
608802030911225855,55
609312152129372159,1
608802351624486911,4
608801797640814591,48
608802377914384383,4
608796871850196991,34
609312392832090111,3
609312391674462207,8
608802788419305471,11
608819023513124863,120
609312379930411007,2
608801860907696127,35
608797025076510719,46
608797022811586559,10
608803283867271167,24
608799902033510399,6
609312268143820799,23
608844344459263999,5
608807113652699135,7
608818858274324479,23
608797068982484991,2
608802046849581055,51
608802993889869823,5
608802638028341247,73
608801805727432703,5
608818973785456639,7
608801879429742591,10
608803201474363391,23
608802668176998399,104
608801810441830399,82
608803286786506751,18
608801859095756799,74
608811960338743295,1
608802239972114431,1
609312288813350911,15
608845289805053951,2
608797067942297599,66
608796019416629247,23
608796086038953983,86
608807015556317183,40
608801788413345791,42
608818977174454271,4
609312391406026751,44
608796929110835199,35
608797949434003455,25
608797026787786751,6
608796015004221439,54
608798052429332479,5
608802749613604863,3
609312271046279167,23
608801805073121279,32
608796940217352191,22
609313440485343231,7
608797094903283711,1
608801809955291135,12
608802213665439743,32
608798051154264063,7
608802376572207103,118
608802440929607679,75
608801798278348799,19
608802000578019327,18
608802708626866175,9
608798149854625791,42
608797232224796671,123
608801879295524863,31
608796049699504127,43
609313163963269119,7
608801862199541759,9
608796989156491263,1
608797104432742399,29
609312290038087679,29
609312261600706559,18
608796047417802751,13
608818976335593471,4
608803197934370815,45
609312313140314111,10
608801805794541567,19
608796045370982399,12
608802365650239487,2
608796201029992447,32
608796195829055487,5
608799920991764479,19
608818985630171135,15
608801879446519807,4
608798010519846911,13
608796019232079871,2
609313413960564735,32
608798016928743423,8
608796020825915391,8
608802694483673087,107
608819082602479615,33
608801902431305727,1
609312391657684991,14
608802017975992319,31
608845313779695615,6
608803326766612479,7
608796872454176767,49
608801886677499903,59
608798038168698879,22
609290387936247807,3
608798062143340543,26
609312256047448063,1
608802720605798399,13
608803260882485247,41
608844285235691519,59
608803198806786047,25
608802390463741951,13
608798176798834687,3
608798088718450687,2
608802998587490303,10
608802651852767231,13
608801867685691391,7
608803004123971583,66
609312078460616703,25
608799919246934015,15
608819024251322367,27
608803280209838079,15
608802375800455167,19
609312289383776255,2
608798047664603135,8
608801893640044543,44
608802784241778687,9
608801947629125631,6
609313406561812479,9
608799904097107967,14
608798031021604863,5
608796167609778175,12
608795883638620159,2
608801809636524031,2
608796161821638655,26
608799921931288575,4
608802094933082111,21
608803268700667903,8
608795743733415935,12
608844353820950527,28
608802635763417087,13
608796053289828351,2
608798047916261375,242
609312345335791615,7
608801900938133503,9
608802368334594047,16
609312414625693695,19
608807118065106943,7
608803004342075391,54
608802394322501631,3
608801905954521087,11
609312292722442239,17
608819090907201535,18
608803205282791423,6
608796066795487231,12
608803207514161151,4
608796118586753023,5
609312380081405951,1
608802716663152639,10
608803282608979967,15
608795288668209151,6
608844353971945471,17
608803283162628095,15
609313166211416063,32
609312076833226751,5
608802709750939647,3
608802390077865983,505
608798055717666815,16
609312236065783807,20
608819000259903487,2
608797279821758463,8
608802377562062847,14
608801797674369023,16
608802038158983167,1
608802716461826047,3
608798179801956351,23
609312392513323007,8
608797103342223359,55
609313170187616255,8
608802970401767423,11
609313442330836991,5
609313163929714687,3
609312288226148351,56
608802357160968191,29
608802941008084991,77
609313176529403903,3
608801900132827135,7
609313176378408959,2
608796989525590015,20
608796207673769983,6
608802998788816895,5
608798180154277887,9
608796169623044095,6
608795268351000575,15
608795793393975295,12
608802942752915455,11
609312073209348095,3
608803249507532799,15
608801949088743423,14
608802698174660607,3
608795286269067263,4
608803170889498623,1
608796184101781503,3
608796207170453503,10
608803211154817023,12
608797068814712831,164
609290387516817407,1
608819085555269631,9
609312053680668671,8
609312275743899647,9
608803283548504063,12
608802155012292607,3
608802373652971519,1
608802406418874367,4
608798172721971199,13
609313415822835711,5
609313449175941119,3
608802626401730559,40
608795760460300287,5
608801886895603711,15
608796156234825727,7
608796047384248319,9
608801817756696575,52
608798158293565439,43
608797035763597311,4
608801856814055423,16
608803208520794111,4
608801911038017535,5
608801841462902783,17
608796051695992831,2
609312271801253887,2
609313163376066559,4
608802726293274623,22
608796045270319103,3
608802668713869311,1
608796062299193343,9
608796064094355455,2
608796523538415615,20
608801806717288447,34
608801884211249151,1
608796155882504191,7
608798172185100287,17
608802753942126591,6
608801810710265855,3
608802617425919999,44
608802942786469887,9
608819051229085695,11
608797103845539839,24
608797005363281919,4
608795288399773695,1
608802708123549695,4
608795740210200575,2
608797083645771775,3
608802805800501247,3
608811036551675903,9
608798057730932735,12
608803231539134463,2
609312116259684351,8
608798164970897407,10
608819071965724671,2
608802590901141503,7
608802938390839295,5
608797006453800959,5
608798057160507391,7
609312256617873407,6
608797006319583231,22
608796155647623167,20
608802339981099007,19
609312265090367487,2
608845438249861119,1
608845438300192767,1
609312431050588159,1
608801879865950207,12
608819002726154239,2
608795766164553727,5
608819003414020095,1
608796135162642431,11
608844337194729471,5
608796196466589695,3
608845316933812223,8
608803231253921791,3
608796137545007103,9
608798174651351039,2
608796026999930879,8
608798193542496255,45
608803231270699007,2
609312429356089343,1
608802455894884351,5
608797089501020159,5
608796125230530559,2
608797252290347007,1
608796047468134399,7
608798194331025407,27
608797089987559423,2
608802933357674495,1
608801887298256895,6
608796053122056191,6
608801884127363071,7
608796894767874047,5
608802933022130175,6
608802229905784831,3
608797284133502975,4
608806848740458495,42
608818987022680063,5
608802709818048511,1
608819041447968767,7
608802710019375103,6
608797101698056191,2
608806848639795199,2
608803248031137791,8
608796872504508415,6
608798043973615615,18
608844367947366399,64
608803325491544063,58
608797005229064191,2
608803231623020543,1
608803309150535679,6
608802448999448575,8
608811047389757439,7
608798191730556927,16
608802406586646527,4
609313450283237375,5
608819015594278911,38
608796983016030207,9
608819023194357759,2
608802247471529983,5
608807127745560575,1
609312268328370175,10
608802350819180543,2
608801802774642687,10
608802210209333247,15
608797093678546943,3
608797089383579647,8
608802374810599423,6
608802375381024767,3
609312261734924287,7
608801818209681407,13
608801879412965375,10
609312313761071103,14
608802713794248703,19
609312034202320895,6
608797048279400447,11
608802661449334783,5
608802209336918015,1
608802733507477503,12
609312790418554879,4
608802702989721599,3
608803063850860543,26
608802036682588159,3
609312373890613247,8
608801808361455615,3
609312823268343807,11
609312858114621439,6
608803355170439167,6
608802932082606079,1
608798157337264127,1
608798147036053503,8
608811048111177727,1
608803331833331711,5
608802709734162431,10
608802442607329279,3
608796201550086143,20
608803234793914367,8
608801880084054015,2
609312119917117439,26
608798030014971903,7
608801907867123711,1
608798023002095615,9
608802759747043327,1
608798145660321791,2
608845472928366591,2
608844343033200639,5
608802713056051199,46
608845472978698239,1
608844326390202367,1
608798040551063551,13
608801879329079295,1
608801809284202495,1
608797269369552895,1
608802434503933951,2
608802405949112319,1
608795743666307071,6
608803309318307839,23
608803249926963199,6
608802790214467583,43
608801879345856511,8
608802395916337151,7
608802739077513215,1
609312410313949183,7
608818916407377919,1
608798166078193663,2
609311977948315647,12
608845300022378495,1
608796981019541503,1
608803249239097343,2
608818848694534143,35
608802462521884671,2
608802704734552063,5
608803249306206207,67
608802922385375231,1
608802928056074239,1
608818967477223423,2
608802735453634559,4
608810916846239743,7
608802716495380479,6
608796954729644031,4
608806848421691391,2
608802247773519871,4
608796514696822783,1
608802406485983231,2
609312373806727167,2
609311978199973887,3
608802657070481407,4
608802091846074367,2
609312382312775679,4
608802944497745919,3
608802999694786559,1
609311978216751103,1
608802390245638143,10
608796164438884351,4
608798175808978943,6
608818999874027519,2
609312378705674239,2
608797026871672831,8
608798146985721855,1
608797034572414975,3
609312030259675135,4
608819037236887551,1
609312858433388543,1
609312828955820031,1
608807096053399551,1
609312829996007423,1
608802656583942143,1
608801831681785855,2
608806848522354687,1
608802395312357375,1
608801891794550783,12
609313406058495999,7
608796064312459263,2
608802229872230399,1
608803213855948799,6
609312361928458239,2
608802411418484735,2
608797099600904191,11
608802453059534847,2
608796525199359999,1
608802657422802943,7
608802376152776703,2
608795789971423231,1
608801889009532927,1
609312385634664447,2
608818993381244927,9
608798026206543871,3
609312294316277759,7
609312411438022655,23
608802212608475135,2
608798147891691519,18
608802784107560959,1
608801824568246271,3
608801893874925567,4
608796135615627263,9
608795760074424319,1
609313450367123455,3
608802789274943487,3
608796086240280575,1
608802936293687295,1
608796978419073023,1
608818990982103039,6
609313408474415103,7
608803311516123135,3
609313168040132607,1
608795268317446143,3
608802016868696063,1
609312413937827839,3
608802764042010623,2
608803205232459775,2
608798057395388415,2
608803269539528703,1
608798165809758207,1
608803003620655103,3
609312313828179967,4
608802371908141055,2
608803001892601855,1
608798155206557695,6
608795744723271679,1
608802586824278015,2
608802940605431807,4
608802368267485183,9
608802645041217535,3
608802390329524223,6
608803163574632447,6
608844368064806911,15
608796137930883071,3
608802454233939967,1
608797099735121919,2
608802797797769215,1
608802807209787391,13
609312888800149503,3
608795772019802111,4
608802654973329407,2
608819050524442623,7
608802395547238399,2
609311980750110719,2
608802161437966335,1
609312835331162111,1
608801970462916607,1
608819046682460159,1
608802225594040319,2
608803233434959871,16
608807110381142015,1
608802998570713087,1
608798158662664191,4
608818970430013439,2
608801790963482623,5
608802993772429311,14
608807058807980031,1
608807127191912447,1
609290389311979519,4
609311980095799295,1
608802730688905215,1
608796141403766783,4
608796982042951679,1
608796122982383615,2
608798014244388863,2
608801810425053183,1
609312121074745343,5
608845293395378175,9
609312030293229567,3
608819082115940351,8
608845436286926847,1
608802441718136831,3
609313170170839039,17
608801862669303807,103
608796872185741311,1
608802700473139199,1
608802924885180415,2
608801972576845823,1
608801937361469439,1
608803325172776959,5
608802018026323967,1
608803322874298367,3
608797255125696511,2
608801929560063999,2
608803319636295679,2
608801931539775487,1
608802635897634815,12
609311963251474431,2
609311965315071999,3
609311978132865023,1
609311980615892991,1
608796173465026559,1
608803330658926591,2
608802892907806719,2
608802626150072319,2
608845473213579263,1
608802687990890495,3
609312357381832703,2
608801806834728959,1
608802942987796479,1
609313430419013631,2
608795766701424639,1
608803338259005439,3
608801871242461183,1
609312422460653567,1
608797264940367871,1
608797082555252735,2
609312012408717311,2
609312104750514175,1
608797227342626815,2
609313416242266111,3
608818859230625791,3
608802754042789887,1
609313406595366911,3
609312116091912191,3
608844349056221183,1
608795884544589823,1
608795931151695871,1
609312373521514495,5
609312424591359999,1
608806850518843391,1
608802032756719615,1
608799919532146687,1
608802735520743423,5
608797035864260607,1
608796200744779775,2
608802892924583935,5
608802936478236671,2
608801815592435711,7
608802932183269375,3
608803014358073343,2
609312857544196095,1
609313104823582719,9
608802238411833343,1
608802808082202623,2
608844215358586879,2
608844344123719679,1
608818858240770047,7
608803308227788799,1
608802932552368127,2
608802991507505151,4
609312256097779711,1
608796043273830399,1
608803198337023999,1
608802734547664895,1
609313163728388095,2
608802619254636543,1
609312890393985023,3
608801925499977727,1
608798024965029887,1
608802660862132223,1
609313169935958015,1
608801927261585407,1
608802734732214271,2
608796122428735487,6
608803209426763775,1
608845310038376447,1
608795789501661183,3
608802941679173631,1
608806847515721727,1
608844342177562623,1
608802749949149183,1
609312888984698879,3
609312429121208319,2
609312893229334527,4
609313417617997823,1
608803311549677567,1
608803003654209535,1
608803317086158847,1
608802434621374463,1
609312425145008127,2
608803251671793663,2
608803249557864447,1
608798189499187199,1
608796041948430335,2
608802591672893439,2
608797102151041023,1
608802248578826239,1
608797067908743167,2
608802658161000447,2
609312857862963199,5
608806850585952255,2
608802659989716991,1
608802658815311871,2
608802451818020863,1
609312821305409535,1
609312376960843775,1
608802210091892735,1
608802998520381439,1
608798010016530431,2
608807055804858367,1
609313448957837311,1
609312859104477183,1
608801914259243007,1
608802643850035199,1
608801863038402559,1
608802389205450751,2
609313431828299775,4
608803231287476223,16
609313430200909823,1
609312375954210815,3
608803196306980863,2
609312834525855743,1
608802463159418879,1
608807053405716479,1
608801809250648063,1
608801804888571903,1
608802661466111999,2
608802707368574975,1
608802003866353663,1
609312377950699519,2
608798145475772415,1
608803321246908415,1
608802661046681599,1
608802088406745087,1
608803323495055359,1
609313450048356351,1
609312330404069375,1
608807097194250239,1
608802437809045503,33
608802412844548095,1
608807058656985087,1
608802351892922367,2
608802342883557375,2
608802384642047999,2
609312894235967487,1
608798164551467007,1
608797265494015999,1
608803202279669759,2
608797059453026303,2
608818953669574655,1
609312855514152959,1
608802453780955135,4
608807136184500223,1
608803259036991487,1
608819079330922495,1
609313103330410495,8
608845309820272639,1
608796051444334591,2
608802412341231615,11
608796138920738815,1
608797051265744895,3
608802351943254015,1
608801970328698879,1
608801979942043647,1
608796123418591231,1
608802146657239039,1
608811047742078975,1
608819083542003711,1
608807121688985599,1
608845299485507583,1
608796183313252351,1
609312858617937919,1
608795789853982719,1
608795787740053503,3
608796020960133119,3
608801856696614911,3
608799919616032767,1
608802039215947775,1
608796067550461951,1
608806859477876735,2
608801799687634943,1
609312891098628095,1
609312332786434047,1
608797059016818687,1
608796118888742911,1
608797295491678207,1
608802235274493951,2
608802244501962751,9947
608818925802618879,840
609312411219918847,2242
608802644688895999,1544
608802357580398591,71
608802633716596735,49
608801835054006271,882
608819055557607423,40
608844285000810495,871
608818980127244287,2428
608818977325449215,1212
608818927161573375,78
608802668697092095,89
608818997961424895,2510
608803203370188799,80
609312273009213439,291
608819017372663807,1347
608818978264973311,1387
608819044920852479,76
608797099617681407,33
608818976922796031,1477
608818981234540543,2827
608801865504653311,12472
608819071630180351,341
608803206205538303,750
608801844650573823,1518
608802090352902143,2212
608798150357942271,112
608819087602089983,443
608801857350926335,80419
608819085387497471,767
608801859615850495,829
608801901206568959,92
608818970899775487,984
608819093558001663,169
608802639907389439,198
608801871678668799,1915
608802644588232703,875
608818971503755263,954
608819022271610879,163
608798165272887295,357
608801842670862335,722
608819085907591167,479
608801877970124799,1400
608819010779217919,714
608801811029032959,329
608803204829806591,395
608818967963762687,1341
608819093021130751,285
608802081645527039,9795
608801790896373759,2384
608801790057512959,178
608802390061088767,212
608802395715010559,73
608801820373942271,155
608801901491781631,88
608819019989909503,756
608801865236217855,117650
608801910618587135,782
608802632055652351,1346
608801832487092223,759
608801813461729279,93
608801813277179903,2771
608819022238056447,809
608798017130070015,1583
608803197464608767,329
608798169282641919,25
608845298898305023,2006
608845333677473791,688
608801803244404735,283
608818970849443839,2558
608801857317371903,286860
608819013715230719,16079
608819091829948415,2471
608801788732112895,272
608801797036834815,20623
608801794201485311,13375
609312274703712255,4059
608796868595417087,558145
609312270844952575,5443
608801801348579327,116
608802639118860287,79
608803282172772351,919
608819055574384639,715
609312294081396735,177
608818994136219647,571
608819013664899071,37214
608803219493093375,127
608801813109407743,2552
608803282139217919,294
608818926624702463,1573
608802239401689087,377
608801874899894271,1286
608845295811297279,2163
608801859867508735,34
608819093239234559,414
608798022800769023,170
608803220600389631,228
608801839281864703,2802
608803219224657919,549
608818983130365951,3329
608818994236882943,94
608801857770356735,264
608801818226458623,81
608818972007071743,650
608801865538207743,2530782
608819013916557311,5258
608801797473042431,4912
608801797909250047,801
608802584727126015,67
608819092232601599,2144
608802661667438591,54
608803285813428223,409
608801794637692927,1123
608801787742257151,3186
608818994069110783,1751
608801794453143551,179
608818977140899839,159
608801901642776575,805
608818981788188671,2995
608801835389550591,18257
608818996770242559,1208
608801790040735743,27664
608801857149599743,981
608801844080148479,1214
608802376991637503,612
608801842838634495,1470
609312890779860991,1
608801805609992191,207
608802241347846143,165
608818976520142847,1450
608803211742019583,426
608819014872858623,1667
608798052479664127,370
608801791198363647,1787
608818970631340031,3615
608803237344051199,11271
608803282122440703,731
608845333476147199,26795
608803218369019903,1309
609312252893331455,42
608802633750151167,592
608801789520642047,216
608818857771007999,576
608801842385649663,234
609312272405233663,333
608801857434812415,676
608796055219208191,1815
608803202883649535,97
608801789503864831,987
608819093306343423,1122
608797097671524351,93
608801879178084351,4
608819092182269951,754
608798163662274559,22
608802376052113407,583
608802694466895871,748
608819085353943039,1589
608801858944761855,46
608819072469041151,107
608819013010587647,652
608818994756976639,843
608818982375391231,724
608798019411771391,313
608818987391778815,225
608801857904574463,1089
608819083206459391,356
608802240190218239,129
608801861780111359,181
608803167836045311,162
608802632458305535,1694
608798175909642239,12
608802094899527679,336
608803211121262591,93
608803218402574335,346
608802694248792063,552
608802081679081471,1012
608803201239482367,285
608798034444156927,131
608802640477814783,312
608818967896653823,1921
608802248796930047,473
608802392963547135,200
608801864800010239,160
608818973349249023,1601
608819055524052991,508
608844284061286399,662
608845295660302335,146
608803201021378559,698
608801873926815743,1097
608818997508440063,538
608798185757868031,46
608802690406809599,98
608819070791319551,151
609312276901527551,84
608818994824085503,1083
608802893880885247,22
608818969003950079,469
608801868574883839,466
608802344276066303,134
608818986217373695,573
608801800845262847,649
608801843878821887,195
608798022398115839,350
608803177080291327,64
608819017456549887,278
608798063066087423,64
608819085404274687,100
608818974523654143,20
609312289836761087,26
608802635864080383,268
608818907532230655,4929
608798189834731519,883
608818995193184255,52
608798022347784191,867
608801811532349439,226
608801808109797375,41
608801819551858687,516
608819012758929407,736
608801802908860415,221
608818980714446847,52
608798050869051391,22
608818973751902207,165
608818967879876607,898
608802735755624447,122
608803197397499903,22
608819022875590655,104
608819055758934015,271
608818982543163391,2967
608801839449636863,360
608819004957523967,549
608801813948268543,80
608819018932944895,410
608801816548737023,313
608803200736165887,209
608819072569704447,468
608801925634195455,32
608803211691687935,382
608801842989629439,1619
608819017137782783,176
608819092249378815,25
608802211568287743,232
608818990529118207,42
608796047484911615,35
608818980630560767,159
609312409928073215,46
608845287120699391,5
608798042346225663,154
608802258175393791,498
608802636166070271,36
609313168694444031,163
608803211255480319,90
608818986905239551,163
608801791114477567,776
608818976016826367,92
608819080639545343,857
608802943424004095,50
608803207564492799,175
608801788514009087,38
608801865773088767,195
608802240223772671,1229
608802640125493247,222
609313452246171647,77
608796067063922687,1051
608801805777764351,348
608803269103321087,286
608801817823805439,583
608818925467074559,254
608798020753948671,52
608818994220105727,142
608819059600916479,232
608819080824094719,115
608798043822620671,460
609290389832073215,10
608803269875073023,300
608819045239619583,597
608801805677101055,476
608798061119930367,133
608802258276057087,200
608844344291491839,482
608818990076133375,13
608819083407785983,780
608796052148977663,74
608801860404379647,279
608801857468366847,195
609312407864475647,236
608819041917730815,96
608819050289561599,270
608802666096623615,130
608818993834229759,1087
608801814535471103,232
608803211540692991,244
608844345382010879,273
608818998347300863,594
608803217647599615,2
608802704415784959,351
608845332066861055,61
609312276146552831,723
608819022556823551,199
608818986049601535,31
608802082920595455,160
608801810240503807,55
608818997692989439,949
608819043176022015,110
608802629471961087,534
609313430351904767,166
608802644621787135,23
608801813159739391,243
609311978149642239,2
608819094631743487,156
608818998749954047,499
608819047420657663,189
608819087887302655,791
608845314366898175,154
608802700187926527,281
608819005611835391,255
608819091326631935,285
608802238663491583,41
608819048108523519,94
608819089917345791,92
608819004840083455,209
608801833577611263,17
608801797322047487,130
608818968618074111,429
608819017154559999,166
608803234106048511,69
608818995394510847,74
608797097302425599,74
608803199544983551,1083
608844353183416319,87
608819055591161855,254
609312373672509439,76
608801832587755519,162
608803211171594239,220
608802700506693631,120
608803314552799231,17
608818999186161663,317
608801908689207295,332
608845297908449279,94
608819005276291071,353
608803336581283839,2
608801789789077503,70
608801797087166463,67
609312121880051711,121
608819090487771135,215
608819056111255551,535
609312256567541759,13
609312292755996671,11
608802636098961407,49
608801902800404479,175
608819055339503615,11
608819089162371071,116
608802046312710143,26
608801974489448447,40
608801944542117887,546
608802242690023423,87
608803330994470911,28
608818857703899135,40
609312276599537663,194
608802364207398911,67
608818972241952767,179
608801857216708607,151
608802378619027455,24
608801894378242047,40
608802633146171391,2254
608803289235980287,224
609312271683813375,190
608803201809907711,463
608802243897982975,137
609312379947188223,27
608819003732787199,742
608818987760877567,9
609312293427085311,426
608819004085108735,7
608801880386043903,140
608802700288589823,81
608819022506491903,591
608798008171036671,185
608802639219523583,245
608819050054680575,35
608819090840092671,61
608803200803274751,98
608798021190156287,89
609313164080709631,253
608801806734065663,61
608801909377073151,70
608801807556149247,99
608803232696762367,84
608798164350140415,13
608818968467079167,452
608802082836709375,188
608802440946384895,47
609313415806058495,176
608818967712104447,4
608818982610272255,416
608803063699865599,13
608801858206564351,491
608796169555935231,8
608797951581487103,62
608801804653690879,149
608802640444260351,288
608801901877657599,145
608798039125000191,198
608803275092787199,92
608802395429797887,31
608818995662946303,26
608802090638114815,53
608798021005606911,5
608801790728601599,68
608802668613206015,6
608819011685187583,256
608795935849316351,10
608803196894183423,204
608802240106332159,190
608803279874293759,32
608801964808994815,43
608818979858808831,28
608803273700278271,20
608802788368973823,19
608801805006012415,213
608801980025929727,31
608819094547857407,161
608802641501224959,98
608802668663537663,24
608802807042015231,11
608801805945536511,83
608801806012645375,14
608795742005362687,8
608803205853216767,139
608802629488738303,233
608819094598189055,28
608796897871659007,4
608795797101740031,8
608801868088344575,28
608802991155183615,18
608796858025771007,13
608818969423380479,302
608796858562641919,19
608819079028932607,127
608802384944037887,197
608818987207229439,474
608801859062202367,1097
608801809619746815,12
608818979607150591,120
608802761709977599,54
608819022053507071,96
609312242776670207,180
608801858357559295,14
609312268663914495,6
608818991384756223,26
608819091561512959,15
608801809653301247,12
608796015188770815,4
608801817840582655,170
608798036021215231,94
609312412327215103,221
608798051959570431,102
609312272992436223,139
608801902867513343,1
608802212172267519,179
608819089934123007,57
608818993045700607,114
609312288410697727,58
608796064648003583,21
608796195325739007,7
608796055487643647,12
608818991602860031,9
608798053452742655,4
609312339228884991,482
608818994052333567,1333
608798023253753855,115
609312375467671551,184
608845332570177535,9
608802635947966463,136
608796178682740735,7
608798044997025791,60
608802584643239935,121
609313415453736959,133
608819093994209279,57
609312414541807615,237
608802440409513983,20
608801811381354495,25
608802798267531263,62
608845296029401087,241
608818968869732351,74
608801805593214975,215
608801927798456319,39
608802716747038719,54
609312078678720511,12
609313168174350335,18
608803199914082303,274
608798063418408959,192
608798165289664511,122
608802632961622015,64
608797948947464191,58
608844285671899135,62
608844285789339647,21
608819051128422399,100
608802258141839359,97
608802366690426879,117
608802230929195007,41
608802235626815487,185
608798147992354815,12
608802371522265087,43
608801807824584703,82
608801894009143295,21
608801868440666111,34
608797100741754879,17
609312345184796671,37
608802991692054527,126
609312344949915647,50
608802647490691071,164
608802709163737087,59
608802716730261503,22
608802759361167359,78
608802082719268863,214
608798190723923967,45
608819058174853119,139
608803234508701695,5
608803208453685247,52
608844374490480639,12
608845331899088895,30
609312288008044543,52
608802636065406975,185
608845333039939583,88
608802081913962495,129
608802228211286015,75
608819087501426687,275
608802432406781951,29
608802227858964479,58
608803273633169407,55
608802940622209023,47
608803275847761919,97
608803314485690367,53
608802928525836287,33
608802248075509759,209
608802706781372415,156
608801839483191295,16
608818987291115519,71
608802225476599807,50
608818969574375423,30
608801905551867903,2
608801842536644607,14
608802942249598975,87
608801805190561791,189
608802048544079871,5
608802015727845375,50
608798036574863359,107
608802584911675391,38
608802242824241151,219
608803278129463295,87
608802028344311807,50
608803163255865343,86
608818988784287743,21
608803206255869951,620
608796862169743359,18
608818999152607231,47
608798030686060543,3
608798054610370559,30
609313416326152191,42
608803279891070975,23
608798011341930495,58
608802000846454783,61
608802030055587839,53
608802632189870079,101
608818976285261823,18
608802030022033407,66
608819013547458559,168
608802999946444799,10
608801843442614271,59
608801901374341119,312
608802734799323135,100
608801873255727103,26
609312283679522815,23
608802389977202687,117
608803167299174399,189
608802718777081855,11
608845313762918399,8
608801839952953343,66
608801788715335679,36
609312317653385215,3
608819090705874943,37
608802377109078015,43
608801901760217087,552
608802629958500351,44
608802212138713087,104
608803233032306687,20
608803248719003647,79
608803163541078015,3
608819057956749311,209
609312284484829183,58
608803220466171903,6
608802212826578943,40
608801841832001535,1
608798156380962815,43
608802700859015167,109
608798011862024191,151
608798157119160319,24
608801799838629887,125
608801801080143871,83
608819021399195647,210
608801805257670655,18
608818996870905855,35
608802640259710975,7
608819045340282879,36
608802627039264767,69
608801807237382143,85
609312823754883071,6
608801974808215551,100
608798047731711999,42
608796072080310271,23
608811054536851455,4
609312823821991935,2
608802999090806783,43
608798014563155967,10
608819002977812479,33
608803215969878015,100
608818974070669311,45
608797097369534463,63
608802617946013695,82
608818974154555391,34
608819004923969535,72
608797013550563327,66
608797100087443455,122
608802017674002431,39
608818859029299199,1
608802660576919551,2
608802648950308863,1
609312835649929215,1
608801879681400831,287
608803207598047231,23
608801791936561151,115
608803197531717631,25
608803197431054335,17
608798146515959807,3
608802032169517055,35
608803314536022015,20
608798185204219903,54
608803199981191167,48
608819058745278463,6
608803351848550399,25
609313434596540415,15
609312394358816767,13
608801791953338367,9
608801888019677183,93
608819058309070847,9
608796041411559423,8
608798060448841727,112
608801879882727423,107
608819023362129919,12
609313433908674559,23
608801792523763711,69
608802627290923007,21
608797102973124607,154
608801810978701311,55
608798155223334911,127
608802735688515583,15
608845298864750591,59
608799898107641855,25
608798190707146751,208
608802631518781439,115
608801875419987967,11
608802625445429247,45
608798013506191359,25
608798051171041279,15
608801814015377407,87
608802661415780351,14
608802238546051071,27
608801878775431167,133
608844354190049279,108
608798019193667583,20
608803196793520127,28
608801805106675711,85
608802046816026623,36
608801858223341567,43
608802577764581375,14
608802081997848575,258
608797015328948223,89
608801859028647935,72
608802227674415103,51
608798185254551551,46
608819021332086783,71
608802631485227007,65
608802440845721599,38
608819012792483839,94
608803268096688127,2
608801862249873407,24
608797025848262655,42
608797068462391295,124
608802702855503871,11
608803002848903167,5
608802034400886783,82
608801788966993919,6
608797034706632703,23
608819012775706623,65
609312361643245567,7
608796054095134719,116
608802440241741823,22
608802357647507455,28
608803202061565951,59
608797048682053631,14
608818926826029055,69
608797097470197759,6
608802687504351231,58
608801942512074751,14
608802046698586111,38
608802640041607167,136
608845293361823743,16
608796523957846015,7
608819090470993919,2
608802682370523135,243
608796199419379711,25
608803339433410559,2
608795743615975423,14
608801859766845439,52
608795286235512831,16
609312344681480191,64
608798036054769663,30
608803311113469951,3
608845299854606335,238
608797068261064703,22
608797018181074943,14
608801862518308863,52
608802909030711295,3
608801857166376959,51
608797067707416575,63
608803299402973183,5
608844354005499903,34
608802091745411071,9
608796043257053183,3
608845296918593535,1
608796045874298879,53
608802029552271359,34
608818995847495679,385
608802342548013055,62
608803003100561407,6
608801799419199487,68
609312246719315967,50
608803198991335423,62
609312377564823551,36
609312239538667519,57
608802028579192831,102
608795936067420159,8
608797284116725759,2
608844370329731071,18
608803201138819071,20
608803204729143295,95
608796167559446527,16
609312291631923199,7
608801857938128895,535
608796019383074815,46
608819008145195007,51
608796052501299199,17
608803232076005375,131
608801817572147199,17
608802215326384127,26
608802034669322239,50
608802667556241407,27
608845298378211327,64
609312414390812671,86
608803204779474943,20
608798060968935423,18
608802641853546495,24
608802710271033343,5
608801806666956799,15
608803261234806783,67
608798166497624063,64
608818980412456959,405
608802655191433215,12
608845318611533823,26
608803283363954687,79
608802407475838975,101
608802709516058623,17
608818967410114559,113
608798171295907839,31
608798171816001535,90
609312360368177151,13
608802376588984319,71
608802709868380159,4
608798030467956735,42
608818977090568191,18
608801929123856383,4
608802776876580863,1
608802807562108927,18
609313406763139071,1
608802622526193663,30
608796062919950335,12
608818987794431999,7
608818972946595839,6
608795757624950783,4
608795770727956479,4
608801957427019775,21
608803322891075583,2
608796017185259519,1
608795770711179263,5
608798034041503743,3
608796033291386879,24
608818977543553023,55
608801877718466559,37
608798047698157567,20
608801962510516223,19
608798190069612543,65
608803208772452351,23
608798042312671231,74
608796050538364927,25
609313167285157887,255
608803217916035071,24
608798157169491967,6
608802046329487359,113
609312373957722111,5
608801806146863103,65
608795761248829439,46
608801960950235135,9
608797033112797183,26
608802702872281087,20
608818967678550015,16
608798061153484799,111
608801807170273279,4
608819055826042879,5
608819044652417023,22
608802590985027583,11
608802577647140863,20
608803186190319615,2
608818979019948031,87
608807118115438591,16
608803279270313983,9
609312122685358079,55
608818976369147903,146
608844347546271743,9
608802667623350271,7
608802368233930751,3
608818974473322495,63
608802936931221503,11
608802999258578943,64
608802632777072639,39
608802631300677631,6
608845309484728319,2
608802701127450623,86
608803273901604863,6
608802704482893823,28
608818997676212223,121
608819003766341631,8
608819080052342783,1
608801811012255743,17
608803310761148415,9
608803268180574207,5
608801819920957439,1
608803218956222463,18
608802395211694079,8
608818990914994175,11
608819040911097855,24
608798038672015359,26
608811047624638463,6
609312105388048383,31
608797069083148287,98
609312121259294719,8
609312394056826879,31
608811052691357695,12
608798038051258367,31
608801928872198143,5
608811054587183103,14
608797081817055231,19
608798174349361151,58
608818989975470079,94
609312858919927807,14
609312825818480639,1
608819015040630783,27
608802893830553599,2
608802969177030655,6
608801867014602751,18
608799921545412607,7
608803248752558079,16
608819090051563519,46
608801959842938879,4
608844331473698815,37
608795288433328127,5
608803309955842047,4
608802761944858623,27
608801999772712959,8
608797048212291583,405
608818990847885311,26
608802032689610751,28
608802932585922559,12
608818989052723199,31
608796161569980415,20
608798158176124927,25
608819025929043967,26
608799902251614207,30
608803250463834111,23
609312894403739647,6
608819094614966271,83
608796033610153983,5
608819080488550399,65
608802668629983231,21
608801811515572223,10
608818999622369279,127
608796897653555199,19
608802089564372991,6
608818987005902847,2
609312414256594943,20
608802017355235327,16
608802690457141247,25
608801820004843519,8
608796047937896447,13
608802704550002687,12
608798158696218623,18
608798030988050431,8
608806848438468607,15
608797068797935615,114
608796041361227775,2
609312001973288959,18
608806852347559935,5
608798026743414783,24
609312294047842303,38
608796135984726015,7
608802455307681791,127
608801844482801663,3
609313453840007167,62
608803002916012031,7
608845293630259199,13
608798028974784511,95
609312408283906047,48
608802243210117119,67
608801839617409023,7
608845309988044799,36
608797026099920895,13
609312330806722559,3
608845289335291903,10
608807124524335103,2
608802450509398015,16
608818953652797439,24
608801810072731647,108
608845297807785983,17
608797097419866111,41
609312392144224255,86
608802340685742079,4
608796055974182911,14
608796054950772735,39
608801900250267647,54
608818970195132415,44
609312339581206527,18
609313431190765567,4
608801867668914175,6
609313186562179071,10
608802717216800767,13
608802718810636287,12
608798037984149503,12
608818974188109823,10
608801862837075967,53
608802220292440063,35
608803266083422207,3
608803247779479551,9
608818928067543039,24
608818969540820991,8
608802090235461631,3
608802638850424831,74
608796073321824255,63
608845314283012095,31
608801807354822655,22
609312291665477631,24
608802992765796351,12
608802409254223871,1
609312121343180799,17
609312395768102911,36
608796928020316159,156
608798030501511167,1
609312291514482687,12
608807118098661375,2
608801876208517119,2
608844353904836607,2
608802366841421823,36
608802450526175231,29
609312283746631679,9
608801861075468287,5
608802998621044735,19
608802048678297599,52
608801873272504319,32
608803175989772287,8
608819073022689279,16
608803176543420415,1
608845331932643327,3
608798061656801279,31
608803176023326719,1
608795744488390655,15
608802713475481599,16
608802796707250175,20
609313163426398207,10
608801789319315455,58
608818988012535807,12
608803310257831935,3
608819012540825599,69
608802687437242367,12
608802704650665983,6
608818968282529791,17
608795758346371071,5
608799904298434559,44
608803355875082239,5
608802621704110079,50
608795742592565247,3
608818997776875519,25
608798035316572159,1
609313440502120447,9
608802641668997119,27
608802936461459455,57
608819092383596543,12
608798183593607167,37
608802373904629759,2
608803356244180991,1
608802640024829951,2
608819003246247935,3
608807123182157823,9
608798151314243583,10
608802377243295743,9
608801808546004991,9
608801813612724223,2
608802048695074815,83
608802378669359103,2
608801834097704959,25
608845314920546303,30
608796050924240895,12
609312413988159487,6
608802372797333503,18
609312263664304127,8
608802703962800127,54
608801862115655679,11
608803286601957375,13
608797948796469247,17
608802378199597055,3
608795764100956159,22
608796050001494015,34
608797270577512447,5
608801841261576191,9
608796185192300543,3
608798038386802687,16
608796857992216575,13
609312833754103807,22
608795270062276607,14
608797081464733695,8
608811053362446335,8
608801791047368703,13
608798184046591999,25
608798010100416511,5
608796020893024255,4
608802992212148223,8
608802017841774591,10
608798062797651967,11
608802459233550335,5
608802033847238655,3
608796857925107711,18
608796912232955903,15
608797093477220351,1
608801893019287551,30
608798054425821183,33
608803211188371455,37
608801858256895999,23
609312018247188479,5
608802091896406015,5
608803299268755455,12
608801828879990783,18
608819003481128959,32
608801802640424959,18
608802590800478207,8
608796868897406975,8
608801903672819711,1
608798062596325375,2
608797080407769087,3
608803280176283647,10
608802784124338175,5
608801868222562303,5
608797014322315263,5
608818967829544959,68
608801860018503679,33
609312104683405311,10
608798021408260095,4
608802713274155007,1
608801972056752127,6
608798172940075007,2
609312287773163519,12
608798013539745791,10
608797068730826751,537
608803273683501055,18
609312410095845375,12
608797951531155455,2
608801888858537983,16
608802355718127615,1
608818991032434687,1
608802715371307007,14
608844329695313919,11
608802789576933375,50
609312078477393919,2
609313406276599807,4
609313407954321407,2
608798060381732863,9
608803235095904255,5
608845302119530495,4
608803311717449727,6
608797058882600959,2
609312396204310527,13
608797055191613439,1
609312086144581631,2
608798038068035583,12
608802626418507775,12
608803307925798911,4
608797013768667135,7
608796210056134655,8
608801808411787263,24
608803237495046143,115
608799920672997375,31
608801842268209151,6
608810917114675199,34
608797227292295167,3
608818995159629823,10
608803249188765695,7
608819019822137343,9
608819082535370751,2
608797067673862143,6
609312152297144319,8
608797103090565119,7
608819090303221759,14
608801804938903551,379
608802443228086271,2
609312253262430207,25
608818988868173823,23
608798043940061183,7
608818986569695231,8
608802235308048383,42
608802716428271615,5
608844284346499071,2
608798060700499967,1
608802999929667583,8
608799902335500287,13
608798047580717055,59
608845312856948735,4
608796207103344639,7
608795288651431935,4
608801820189392895,26
608796210106466303,13
608797097637969919,5
608796180763115519,8
608806852381114367,1
608797026636791807,3
608799897621102591,6
608819058258739199,40
608807053690929151,4
608797034203316223,24
608798026340761599,10
608796178749849599,1
608802630008831999,26
608795792202792959,3
608802394003734527,7
608798052882317311,1
608802578972540927,11
608802378166042623,9
608796125280862207,5
608798149586190335,32
608797048111628287,3
608801900703252479,7
608798193928372223,40
608802042269401087,2
608802617560137727,35
608802933038907391,5
608802892303826943,2
608802337665843199,1
608819090169004031,9
608798175892865023,8
608802641434116095,19
608798022280675327,52
608803311381905407,20
609312263328759807,5
608798036457422847,3
608802590850809855,10
608796200728002559,13
609312343171530751,25
608801972123860991,2
608796982831480831,13
608796062232084479,35
608802749445832703,9
608803217882480639,10
608802631535558655,2
608819058107744255,12
608796086189948927,6
608845315356753919,2
608802718307319807,13
608802578821545983,14
608798175876087807,9
608802578737659903,1
609312134093864959,2
608802709415395327,5
608795915079122943,6
608819017204891647,25
608819015309066239,5
608798146113306623,13
608795759134900223,1
608796207707324415,8
608803299302309887,17
609312894554734591,1
608819003179139071,6
608802453160198143,4
608795881910566911,25
608802443546853375,2
608845289452732415,4
608802991272624127,12
609312260107534335,6
608802928458727423,8
608802661399003135,8
608802665022881791,15
608796940284461055,7
608807053573488639,3
609312239404449791,19
608802209118814207,1
608819093708996607,15
608819074415198207,35
609312239270232063,4
608802410546069503,1
608796522062020607,1
608802011483209727,3
608802450106744831,26
608802702167638015,9
608801793882718207,23
608796130699902975,1
608801862316982271,12
608802787613999103,8
608819078877937663,10
608801820038397951,2
608802787010019327,1
609312416689291263,1
608818986536140799,20
608802790768115711,4
608803325407657983,4
608802786657697791,3
608802382729445375,1
608797279905644543,4
609312341124710399,1
608798174265475071,13
608819003011366911,16
608812142807744511,1
608802933106016255,2
608802035155861503,13
608799898376077311,27
608803326565285887,2
608796054850109439,4
608796090904346623,5
608797080256774143,5
608796062349524991,6
608798053368856575,14
608798054039945215,6
608802753841463295,2
609313416057716735,90
608797090155331583,2
608811048060846079,22
608797090054668287,7
609312293997510655,3
608802695372865535,3
608796201013215231,7
608802584626462719,9
608798044778921983,2
608802369592885247,24
608802787731439615,4
608803198924226559,4
609312420329947135,1
609312379309654015,12
608796522464673791,9
609313432969150463,1
609312422712311807,1
608797013835775999,7
608797088796377087,7
608796052887175167,4
609312373789949951,2
608796053340159999,1
608803325256663039,3
609312264083734527,8
608797034454974463,1
609313165657767935,2
609312291598368767,6
608797264739041279,2
608802434537488383,2
608802395832451071,176
608797265410129919,2
608801944860884991,3
609312377933922303,13
609312078494171135,14
608798164752793599,2
608802658681094143,4
608802736963583999,7
608802733004161023,6
608802094698201087,13
609313449477931007,5
609313405739728895,3
608799921763516415,2
608796986656686079,2
608796989609476095,1
608803175033470975,3
609313430972661759,7
608803005550034943,3
608801893002510335,4
608801827219046399,14
608844331708579839,4
608803172282007551,8
608801874665013247,20
609312098811379711,3
609312292856659967,2
608797005715603455,1
608818967393337343,4
608797006118256639,11
608801839432859647,3
608803247762702335,9
608796982579822591,1
608795933634723839,4
608797095557595135,5
608797083058569215,6
609312390684606463,3
608796928993394687,8
609312253027549183,3
608802626334621695,17
608802011516764159,1
608802363553087487,7
609312078661943295,11
608806859511431167,20
608798164685684735,9
608803356395175935,24
608802790298353663,1
608802999157915647,4
608802783939788799,1
608819089112039423,1
608845312823394303,12
608802433027538943,4
608797281130381311,5
609313449494708223,1
608802887723646975,3
608798176664616959,9
608801899512070143,3
609312890695974911,4
608798028840566783,3
608845318577979391,5
608818987073011711,2
608803352452530175,3
609312274821152767,1
609313451927404543,2
608845314903769087,6
608845288949415935,5
608798147589701631,14
608818976234930175,6
608845297203806207,4
608802434554265599,3
608801819031764991,1
608844330685169663,6
608803354415464447,1
608802590951473151,1
608803000449761279,2
608802928190291967,1
608803303244955647,1
608798042883096575,3
608801886761385983,2
608818978483077119,6
608801973768028159,9
608801905988075519,8
608803251453689855,3
608802657708015615,6
609312888548491263,4
608798192082878463,1
608802941612064767,1
608801879463297023,2
608802908426731519,1
609290420869922815,1
608796986874789887,1
608802700758351871,3
608797281398816767,4
608802246917881855,6
608802713626476543,3
608802626502393855,1
608795776683868159,1
608795766667870207,8
608803003285110783,9
608803327924240383,25
608801867434033151,1
608818858223992831,1
608802710354919423,4
608797253213093887,3
609312823855546367,3
608797034589192191,2
608802704080240639,3
608819022422605823,6
608802648665096191,1
608806848790790143,1
608802411535925247,3
608818862820950015,3
608818848728088575,1
608811996493643775,3
608802761575759871,1
608798048251805695,4
608798021945131007,1
609312821338963967,7
608796019366297599,3
608802440342405119,1
608802443412635647,1
608845302673178623,1
608802760720121855,1
608802050574123007,7
609312413333848063,1
608803327957794815,8
608796124643327999,4
608802694835994623,1
608798009966198783,2
608796521994911743,4
608807055871967231,1
608796197489999871,2
608797067573198847,2
608803207547715583,2
609312833435336703,7
609312256081002495,4
608845301079343103,1
608802796287819775,8
609312820818870271,1
609312854490742783,1
608803244575031295,1
608798013841735679,1
608801905518313471,3
608802590766923775,4
608802577982685183,1
608803219744751615,6
608796051679215615,2
608807054093582335,1
608803280042065919,5
608802801690083327,1
608802801237098495,1
608844284363276287,2
608803321498566655,1
609313436408479743,2
609312385064239103,1
608802999292133375,9
608802378635804671,1
609312314549600255,7
609313104857137151,2
608797094852952063,10
608802351859367935,1
608796054665560063,1
608801835691540479,3
608803323075624959,1
608803319787290623,2
608798165759426559,2
608797280224411647,1
609290418672107519,11
608802395262025727,11
609312889269911551,1
609312854171975679,3
608796167676887039,1
608801819971289087,15
608802395127807999,9
608798044426600447,1
608807053657374719,1
608801860773478399,1
608796988988719103,1
608818850489696255,1
609312019539034111,1
608803330575040511,1
608802788905844735,13
608818995964936191,2
608798021878022143,1
608844330265739263,3
608844331725357055,4
608844379959853055,1
608796954578649087,1
608803005600366591,6
608803005818470399,3
608802631887880191,2
609312893212557311,1
608802750016258047,1
609312292823105535,4
608798148713775103,1
608802163166019583,1
608803352637079551,1
608819072754253823,1
608796983066361855,1
608802031297101823,2
608797300541620223,211
608797296682860543,1
608797295424569343,1
608803231354585087,2
608802424387272703,1
608801885201104895,2
608802461280370687,1
608802351876145151,2
609290385872650239,1
608803321465012223,2
608797253078876159,2
609312116075134975,1
609312251517599743,5
608801835288887295,2
608801890922135551,17
609312833116569599,1
608802802730270719,1
608802626569502719,1
608802799156723711,1
608803283481395199,1
608802710589800447,2
609312889035030527,1
608802928089628671,2
608802421736472575,1
608795916337414143,3
608802146187476991,1
608803210450173951,1
609312271264382975,3
608806859930861567,4
608807087329247231,18
608803198974558207,1
608803177348726783,1
608803174882476031,1
608802749848485887,1
608807125799403519,2
609312079584690175,3
608807058740871167,1
608798188878430207,4
608798025367683071,1
608803002882457599,1
608801875923304447,4
608802739010404351,4
608802590817255423,1
609312379846524927,1
609312032407158783,3
609312395231231999,1
609312343708401663,4
608801885486317567,12
608797104248193023,2
609312076984221695,1
609312032457490431,1
608795745746681855,1
608795935866093567,2
608845292355190783,1
608802665039659007,6
608802700120817663,2
608797262859993087,5
608802660056825855,2
608802694399787007,11
608802665006104575,1
608803334165364735,2
608797026720677887,3
609313412836491263,2
609313413809569791,1
608802390161752063,2
608802720639352831,4
608802409623322623,1
608818856110063615,6
608819087769862143,2
608801927832010751,1
608802338773139455,1
608802921361965055,1
609312261802033151,1
608797100875972607,1
608801882181206015,4
608802231096967167,3
608803275830984703,2
608796124962095103,1
609312373236301823,1
608803012294475775,2
609312819912900607,1
608807110968344575,1
609312891937488895,1
608797067338317823,1
608802936075583487,2
608803299889512447,1
608802220225331199,2
609312418585116671,2
609312858953482239,1
608802634052141055,1
608802337397407743,1
608796506979303423,1
608795787756830719,1
608801908320108543,1
608803260312059903,3
608803196541861887,1
608795798561357823,1
608802735185199103,1
608819042035171327,2
608801825222557695,2
608819055272394751,18
608801974908878847,1
609313431928963071,1
608802767212904447,1
608845291298226175,1
608845291113676799,3
608797229909540863,1
608819049501032447,1
608795740025651199,1
608795744924598271,1
608798173342728191,1
608802375095812095,1
608802161840619519,1
609312889135693823,2
608802043158593535,1
608802238629937151,1
608811996711747583,3
609313434059669503,1
608802787597221887,1
608802449183997951,1
608845332687618047,1
609311963637350399,2
608845300223705087,2
608802802461835263,2
608797255947780095,1
608818910367580159,1
608807125631631359,1
608807124557889535,1
608807081775988735,2
609312386121203711,1
608802751391989759,1
608801911692328959,1
608797069787791359,1
608811054553628671,1
608807122964054015,1
608802463192973311,1
608802942081826815,1
608802932132937727,1
608802349980319743,1
609313436240707583,1
608796042653073407,1
608803352603525119,1
608797068932153343,1
608802620764585983,1
608803175083802623,1
608802431937019903,1
608796044515344383,1
609313406427594751,1
608807114390896639,1
608801910215933951,1
608796015759196159,1
608801857854242815,43311
608819014084329471,39580
608819014721863679,699
609313168342122495,74
608818995713277951,188
608802376236662783,259
608801809183539199,29
608818997894316031,1270
608803282407653375,423
608796868612194303,814
608802090856218623,408
608819072653590527,209
608802793049817087,121
608818971604418559,1540
608803209779085311,461
608819000142462975,48
608801859632627711,1014
608819093205680127,620
608803206843072511,42
608819073811218431,208
608819020241567743,516
608845299116408831,395
608845300777353215,1321
608818976604028927,755
608798016643530751,946
608801857803911167,4526
608801842771525631,1062
608798166464069631,57
608803237797036031,822
608803237729927167,1175
608802635629199359,2537
608818982727712767,639
608818998917726207,1136
608819018916167679,849
609312378084917247,769
608802082937372671,1793
608797033901326335,33
608802239485575167,1253
608819089749573631,274
608819014000443391,7052
608819013161582591,4593
608802092013846527,1440
608802788637409279,423
608803209409986559,468
608803211356143615,43
608801796667736063,1181
608845300727021567,3402
608798034410602495,193
608802734145011711,2
608844285017587711,912
608819060389445631,369
608801818109018111,2562
608801813746941951,776
608798054090276863,902
608801787759034367,2315
609312277220294655,2624
608802243763765247,7776
608844285118251007,8660
608803199528206335,244
608798016727416831,1311
608802369341227007,112
609312272623337471,465
608819092568145919,1263
608803282793529343,179
608801810290835455,762
608801810190172159,526
608802638112227327,78
608802378535141375,248
608802454435266559,254263
608803196424421375,73
609313435737391103,257
608802700791906303,1446
608818980697669631,4481
608802034904203263,46
608801801700900863,275
608801843761381375,96
608818971839299583,672
608819014604423167,214
608803285846982655,341
608819011651633151,568
608801878741876735,3
608803282189549567,1058
608845296499163135,31
608802150717325311,1754
608801866427400191,776
608801857871020031,824
609312270610071551,331900
608818976620806143,871
608802238462164991,1212
608803201877016575,194
608798011492925439,290
608803204678811647,261
608801843274842111,1742
608819060104232959,430
608818971587641343,1349
608818973282140159,62
608801789218652159,306
608802090822664191,401
608802247656079359,4429
608801800056733695,134
608798162605309951,1381
608803237310496767,2224
608803288648777727,1043
608845333358706687,4341
609313429613707263,230
608818995209961471,650
608819012809261055,2056
608801787608039423,44
608845301129674751,1240
608802244434853887,709
608802241062633471,1239
608801908890533887,166
609313417936764927,156
608801857602584575,1194
608803197598826495,558
608802083054813183,398
608819079582580735,130
608796862320738303,39
608845298680201215,529
608797951547932671,90
608802337967833087,4236
608801857300594687,11970
608803201088487423,679
608802633196503039,1580
608818969842810879,3300
608819091225968639,1250
608801865219440639,29869
608819089766350847,197
608801797858918399,1986
608802632038875135,1226
608801832755527679,827
608801860085612543,566
608801856210075647,258
608801817052053503,780
608801865957638143,1201
608796869383946239,15
608819020979765247,1891
608818974271995903,179
608819011701964799,3376
608802732299517951,10
608819013446795263,4772454
608818981939183615,455
608845296046178303,6776
609313429647261695,230
608819085672710143,736
609312410649493503,2285
608798167890132991,4262
608818976469811199,2222
608818980295016447,157
608818978113978367,1637
608803209292546047,644
608802759159840767,15
608801839382527999,855
608819019872468991,387
609312272942104575,118
608803288430673919,462
608802046866358271,62
608801857585807359,2603
608807118283210751,21
608818971906408447,679
608818988180307967,341
608803213889503231,485
608796123150155775,5
608798193676713983,95
608798052211228671,688
608801899377852415,1438
608802377310404607,450
608845331563544575,646
608801805693878271,277
608845295593193471,247
608818910636015615,276
608802238797709311,1043
608798054442598399,62
609313414128336895,28
608801903068839935,438
609312235881234431,46
608802377629171711,35
608801908907311103,128
608801859364192255,1333
608819011920068607,393746
608802667271028735,58
608845329902600191,112338
609313429898919935,1985
608819013513904127,1943
608801790074290175,4135
608801817538592767,1465
608819057436655615,126
608803211809128447,2058
608803285746319359,584
608798017029406719,4989
608801787809366015,1457
609312375736107007,216
608803207447052287,277
608802369727102975,57
608802357563621375,63
608819019855691775,723
608797067891965951,28
608797103241560063,1928
608818981435867135,1440
608818973315694591,3447
608798061589692415,32
608803207631601663,147
609312284803596287,573
608819073777663999,240
608803204980801535,252
608802701228113919,134
608818982325059583,1196
608819090923978751,68
608803271351468031,541
608802257957289983,117
609312409626083327,2
608801866309959679,403
608801860135944191,363
608801799956070399,297
608801794352480255,33
608801858273673215,896
608802032874160127,39
608803271603126271,185
608802393349423103,334
608845331261554687,1248
608796868528308223,668
608796071878983679,139
608819090957533183,516
608801804737576959,634
608819014134661119,1506
608802244367745023,518
608819080589213695,279
608845296062955519,284
608818972275507199,1190
609312276515651583,1199
609312411454799871,192
608802992094707711,62
608801880553816063,98
608802389876539391,437
609312292001021951,41
608801820105506815,111
608803211138039807,168
608802635696308223,664
608801931372003327,70
608818998666067967,279
608802342514458623,72
608818999102275583,1993
608818998364078079,395
608801894411796479,105
608795776767754239,4
608796055990960127,40
608801860001726463,1026
609312294500827135,2918
608796869971148799,7
608818969440157695,524
608818928218537983,647
608818979758145535,204
608818980597006335,884
608801840674373631,324
608798011308376063,1516
608803237746704383,359
608796045790412799,14
608819088088629247,297
608819088021520383,2145
608801865991192575,607
609312293208981503,146
608802793972563967,77
608819092316487679,792
608844284044509183,70
608802441349038079,94
608798008456249343,20
608795740646408191,9
608802090738778111,391
608819014805749759,1539
608819020543557631,238
609312287471173631,455
608802372528898047,125
608802444788367359,65
608802648111448063,81
608818858173661183,1811
608845298931859455,799
608802621318234111,23
608801857753579519,121
608845299451953151,193
608801907883900927,447
608801864850341887,156
608798054073499647,66
608798052261560319,122
608801903052062719,305
608802247505084415,137
608819079649689599,191
609312271667036159,74
608798045047357439,73
609312261516820479,12
608802028277202943,42
608818967359782911,383
608801843224510463,576
608798038453911551,60
608819091897057279,696
608798036490977279,67
608845299351289855,23
608798054694256639,660
609313163510284287,300
608801845153890303,260
608798028454690815,1
608819090890424319,165
608802017875329023,70
608818971168210943,537
608802046883135487,51
608818973718347775,135
608801907800014847,236
609312288377143295,282
608798056724299775,39
608819050960650239,77
608803288111906815,326
608797064519745535,152
608803202900426751,44
608801900434817023,24
608798193324392447,1
608818928151429119,835
608802798468857855,53
608818970882998271,458
608802046782472191,73
608796064362790911,20
608802378518364159,341
608798043285749759,242
609312294400163839,336
608798050818719743,5
608844344341823487,462
609312283964735487,38272
608802049030619135,32
608798052244783103,243
609312239723216895,260
608819093574778879,447
608798021055938559,58
609312287387287551,146
608802454166831103,195
608797067657084927,107
608818999068721151,2036
608801867551473663,120
608801900585811967,120
608818997424553983,228
608819092366819327,53
608803203084976127,38
608818982744489983,749
608819073073020927,291
608798023555743743,132
608819092501037055,883
608818909629382655,96
608819056060923903,412
608798193206951935,1
608802369039237119,12
608819016366030847,855
608818970966884351,400
609312276683423743,305
608798174433247231,199
608802635964743679,136
608818969826033663,99
608801875990413311,5
608802034585436159,76
608796055353425919,106
608798030065303551,58
609312265308471295,18
608845333643919359,607
609312287320178687,263
608798063200305151,366
608802640377151487,183
608803211557470207,114
608845297992335359,143
609290387483262975,12
608801901743439871,167
608802640343597055,222
608802892354158591,3096
608802081813299199,87
608845295643525119,277
608803280159506431,218
608803219878969343,37
608798033856954367,1
608802700573802495,48
609312413921050623,55
608801880520261631,36
608802390614736895,153
608803276451741695,77
608818986737467391,123
608802238478942207,1252
608819019016830975,24
608802667019370495,50
608798047899484159,132
608801877986902015,364
608818987224006655,160
608801805056344063,383
608802030709899263,89
608798040400068607,103
608797100053889023,75
608798151867891711,22
608798033823399935,13
609312271096610815,42
608803286719397887,4
608802244384522239,1017
608819014772195327,368
608802210746204159,270
608798180020060159,54
608802389373222911,96
608844285504126975,6
608819000159240191,418
608796123720581119,3
609312291799695359,302
608802794291331071,47
608801838946320383,140
608801880352489471,727
608801974472671231,63
608819093071462399,778
608798017230733311,44
609312002443051007,124
608796857874776063,10
608801871125020671,296
608819093725773823,371
608818993683234815,94
608801817505038335,23
608819003078475775,182
608803234408038399,53
608802377981493247,155
608845295626747903,244
608801959809384447,14
608819094329753599,295
608801859833954303,149
608802786456371199,11
608803197481385983,193
608801807807807487,10
608845330842124287,261
608802764142673919,51
608803280696377343,154
608818978617294847,392
609312275811008511,137
608797299283329023,3
608802094782087167,188
608803326900830207,38
608802371505487871,24
608819087937634303,10
608801856763723775,30
608795761332715519,5
608818994673090559,226
608803311012806655,7
608819093188902911,236
608801857569030143,58
608802726108725247,48
608802238848040959,331
608801806046199807,74
608802579173867519,14
608798038118367231,18
608803236706516991,28
609312265325248511,42
608795915615993855,7
608801867266260991,57
608802366707204095,11
608801801734455295,307
608803237662818303,28
608803233468514303,11
608803249289428991,67
609312240276865023,80
608818910451466239,52
608801802019667967,274
609312291950690303,2
608801804838240255,92
608801844667351039,95
608797948762914815,41
608818972745269247,118
608819080723431423,6
608801871963881471,53
608797097403088895,7
608802230828531711,58
608818910787010559,9
608798044309159935,197
608844344190828543,169
608818994538872831,33
608803167651495935,481
608801841496457215,56
608819014637977599,287
608802733306150911,12
608802703795027967,24
608801867148820479,8
608801868423888895,1460
608802234620182527,82
608819023546679295,28
608802690524250111,75
608801887281479679,15
608802342732562431,45
609312287454396415,83
608802342631899135,2
608819041833844735,183
608819083441340415,508
608802797495779327,17
608795758614806527,5
608819022808481791,255
608802395077476351,1
608844285135028223,368
608802733591363583,4
608802664871886847,54
608845300861239295,68
608801843610386431,545
608798047647825919,12
608803218285133823,150
609312379578089471,55
608797086665670655,20
608802341809815551,24
608798150391496703,36
608807126353051647,13
608796872101855231,101
609312378420461567,69
609312319582765055,8
608802713207046143,74
608818910719901695,34
608818981721079807,301
609312314801258495,12
608798180238163967,42
608798148260790271,37
608844345566560255,11
608801813528838143,100
608802449452433407,43
608803214124384255,108
608801808881549311,145
608801840389160959,65
608818988834619391,112
608796910169358335,30
608796524209504255,9
608818968634851327,384
608845297505796095,123
608801924979884031,79
608802386990858239,104
608845301985312767,49
608798164081704959,65
608803200048300031,455
608802228177731583,56
608796045840744447,90
608802633230057471,49
608802083021258751,249
608801809972068351,81
608802385497686015,7
608845333140602879,342
608819092886913023,634
608801962023976959,33
608802993688543231,38
609312345134465023,19
608801910585032703,65
608819022120615935,148
608798188207341567,37
608818927849439231,84
608801978146881535,25
608802789644042239,39
608818978449522687,121
608797949450780671,7
608798039477321727,19
608802632407973887,1
609312339564429311,40
608801878372777983,35
608802992279257087,31
608798022834323455,125
608845333174157311,55
608802942685806591,75
608798014714150911,20
608818998699622399,241
608844353502183423,73
609312414122377215,55
609312377581600767,51
608801879027089407,119
608802257923735551,157
608797097788964863,107
608818996636024831,12
608811036954329087,7
609313166161084415,270
608796862270406655,6
608802248377499647,66
608802371757146111,13
608803260865708031,85
608818997072232447,72
608797097822519295,101
608798158310342655,55
608797082823688191,14
609312288930791423,76
609312272975659007,27
608819050625105919,97
608819091511181311,85
608801813579169791,78
608803269791186943,100
609312267036524543,18
608802635662753791,468
608801811867893759,247
608797076582563839,73
608818977744879615,48
608818910938005503,25
609312078276067327,834
608818974389436415,7
609312410230063103,176
609312239186345983,17
609312275962003455,24
608798052680990719,25
608801931640438783,106
608845302002089983,1
608845333744582655,39
608845310004822015,6
609312271281160191,1
608801830792593407,42
608803338980425727,7
608802734832877567,165
608803197967925247,198
609312293812961279,31
608801927764901887,15
608801867534696447,76
608803203135307775,14
608797024589971455,96
608802709096628223,3
608802463897616383,3
608803004308520959,53
608845333341929471,22
608801866930716671,31
608845331882311679,35
608845290157375487,7
608797005380059135,93
608798010234634239,27
608801814636134399,77
608798054258049023,52
608818993163141119,152
608802230526541823,99
608819022187724799,151
608806852314005503,84
608845331630653439,23
608802713676808191,162
608803211289034751,101
608802378501586943,91
608802377662726143,64
608797097503752191,40
608801809552637951,30
608798148059463679,50
608819094128427007,150
608796017487249407,116
608818998515073023,770
608802709365063679,353
608818997944647679,198
608796197573885951,9
608818996954791935,5
608801811549126655,181
608818970262241279,81
608803175486455807,92
608803308898877439,101
608798190136721407,92
608802217960407039,57
608818972057403391,36
608844284195504127,720
608818990210351103,21
608802030324023295,45
608803197766598655,50
608802584609685503,82
608844285252468735,42
609312271532818431,158
608802369408335871,56
609312073226125311,14
608819023328575487,23
608796197590663167,15
608801856344293375,13
608803280646045695,87
608845287624015871,14
608803197347168255,166
608802789425938431,40
608802090671669247,281
608802627492249599,29
608799919716696063,36
609312396019761151,36
608803216187981823,278
608803249457201151,20
608796047686238207,5
608798030149189631,34
608801862820298751,164
608803261402578943,5
608802017120354303,105
608797069016039423,21
609312430647934975,16
608798172470312959,22
608803249390092287,75
608802086343147519,403
608798055013023743,15
609312823251566591,7
608801844029816831,106
608801860454711295,35
609312293896847359,77
609312261885919231,1
609312077185548287,173
609312822060384255,35
608797097587638271,102
608799903660900351,35
608803355438874623,14
609312239018573823,53
608818972980150271,89
608797029270814719,1
608797100808863743,19
608803199142330367,4
608797034102652927,69
608819045273174015,48
608845301314224127,11
608796982126837759,1
608819072838139903,17
608797088662159359,5
609312239052128255,24
608797029405032447,23
608807122443960319,28
608802733406814207,46
608796049280073727,42
608796020607811583,22
609313163879383039,51
608807118266433535,691
608802622190649343,96
608796047216476159,13
608797025865039871,56
608797275644231679,8
608844348485795839,27
608797025831485439,81
608797015412834303,81
608798020720394239,128
608807126386606079,14
608798158863990783,59
608796049967939583,35
609313434009337855,1
608802721092337663,2
608796021127905279,32
608802992497360895,19
608799902922702847,47
608803170872721407,2
609312377548046335,108
608818996334034943,38
608818977426112511,25
608802247672856575,21
608801959876493311,34
608802662271418367,8
608801977391906815,33
608796935133855743,12
608801810022399999,55
608798045819109375,96
608802631334232063,20
608802665895297023,60
608802631351009279,5
608803283414286335,2
608802015056756735,75
608845297824563199,71
608801797573705727,14
608798056707522559,5
608797080105779199,19
608845297791008767,582
608845295727411199,75
608797027257548799,54
608801811364577279,5
608819024603643903,23
608819002289946623,23
608802444905807871,75
608801842234654719,11
609312344698257407,32
608798047933038591,23
608803167987040255,48
608797280526401535,4
608797281046495231,65
608801798513229823,27
608802639320186879,135
608797080273551359,41
608798008489803775,28
608818976973127679,78
608803200669057023,8
608803198001479679,137
608795917729923071,25
609313414665207807,18
608797034438197247,17
608818978298527743,55
608797102201372671,68
608798039376658431,63
609312292269457407,705
608803289286311935,98
608807119205957631,9
608802701580435455,41
608803005784915967,7
608803269304647679,87
608798174953340927,64
608802378048602111,24
608802364811378687,16
608798175104335871,51
608802371958472703,53
609312376004542463,31
608796164690542591,18
608798048201474047,54
608796019349520383,73
608802713324486655,98
608796062869618687,43
609312276096221183,32
608796981824847871,12
608802449888641023,23
608803256889507839,2
608802230258106367,32
608798188609994751,77
608819019335598079,42
608798178141011967,75
608802234771177471,90
608819001803407359,21
608844369541201919,6
608796051461111807,1
608801819014987775,31
609312268680691711,10
608799903509905407,26
609312252826222591,9
608819004605202431,18
608802034870648831,51
609313163778719743,16
609312002359164927,51
608802378803576831,68
608798174248697855,155
609313415168524287,8
608801900652920831,47
608797097939959807,7
608797093829541887,6
609313163409620991,10
608802940857090047,72
608796894717542399,20
608844374591143935,5
608798042295894015,15
609311982629158911,3
609312378655342591,1
608803207463829503,140
608797086682447871,25
608796164187226111,11
608801959188627455,46
608818968349638655,126
608802082232729599,38
608818925416742911,35
609312268311592959,9
608801856377847807,14
608819073005912063,61
609312133808652287,108
608802394020511743,21
608801805022789631,55
609312122148487167,110
608844347328167935,7
608802790046695423,54
608802702503182335,27
608798172084436991,4
608818999202938879,77
608801944139464703,16
608801926489833471,33
608803207178616831,25
608802649738838015,24
608802639521513471,4
608803163356528639,117
608801892985733119,59
608844285168582655,186
608802703862136831,2
608801792456654847,8
608818993398022143,70
608801931405557759,144
608803214074052607,19
608802700338921471,70
608802235777810431,70
608796090417807359,8
608818989153386495,16
608802632944844799,17
608797280610287615,8
608798061136707583,9
609313176445517823,6
608795772707667967,6
608798171883110399,33
609313176344854527,913
608802708006109183,50
608802667354914815,29
608797102033600511,28
608796983167025151,7
608818991418310655,74
609312345470009343,18
608798062210449407,10
608819020258344959,56
608795797252734975,8
609313413742460927,18
608819048376958975,32
608845298227216383,14
608796166083051519,12
608796052165754879,26
608801929744613375,25
609312052036501503,34
608802218631495679,49
608797281113604095,11
609312079702130687,6
609312032491044863,97
609312051080200191,160
608801841379016703,39
608801942008758271,13
608803008922255359,7
608797099215028223,100
608803208722120703,40
609313413927010303,23
608818996904460287,55
608819048091746303,83
608799904197771263,14
608802211652173823,6
608801886878826495,6
608801902448082943,11
608799903476350975,8
608802162914361343,2
608807096489607167,1
608795777069744127,5
608802759428276223,4
608795798779461631,12
608795273216393215,8
608801802137108479,1
608801840154279935,58
608796172827492351,10
608802638162558975,67
608801841530011647,64
608796017067819007,12
608802247521861631,41
608802365633462271,35
608807103133384703,1
608796981908733951,7
608802762649501695,1
608802082014625791,11
608802887740424191,6
608795935463440383,6
609313439495487487,27
608802934330753023,10
608819092937244671,29
608819055255617535,19
608801841026695167,39
608803351999545343,20
609313418406526975,39
608797281180712959,22
608819004269658111,10
608802455827775487,8
608819020996542463,42
609312420027957247,7
608818967644995583,23
608845298361434111,93
608802639018196991,53
608801893690376191,16
608798054341935103,82
608818926104608767,31
608801841311907839,117
608803303932821503,12
608819022338719743,25
608799919515369471,3
608796200979660799,7
608801838929543167,92
608796195493511167,18
608802626837938175,19
608803311667118079,75
609312287638945791,13
608802666969038847,9
608802394708377599,26
608818988817842175,10
608798174416470015,8
609312264754823167,21
608802244485185535,4
608803299990175743,16
608801845053227007,75
609313410487681023,7
608796857807667199,23
608798036809744383,8
609312266935861247,3
609312344866029567,12
608802455760666623,17
609312104968617983,14
609312288242925567,43
608803269824741375,90
608819092836581375,1004
608798040467177471,85
608802209991229439,77
608819023211134975,63
608802446751301631,47
609313167822028799,13
608795760913285119,15
608796172793937919,6
609312360301068287,27
608797232006692863,10
608819060087455743,108
608803198857117695,20
608802887388102655,9
608802993705320447,42
608818991451865087,170
608802017657225215,14
608802455492231167,26
608802079833587711,37
609313436341370879,17
608797280341852159,5
608802391151607807,24
608801806985723903,3
608797018046857215,34
608819003279802367,8
608818987257561087,17
608803220264845311,81
608802631569113087,77
608818978348859391,62
608801867954126847,26
608807127292575743,2
608818970111246335,13
608844345918881791,23
608803217748262911,7
608803233015529471,60
608802807880876031,3
608802661801656319,37
608796196835688447,6
608798147354820607,35
608803199125553151,70
608797098007068671,11
609312314633486335,8
608801839751626751,48
608802148955717631,2
608796058708869119,31
608802444536709119,7
609313406746361855,5
608802441701359615,19
608845300961902591,8
608807117981220863,3
608796017554358271,13
608795777975713791,5
608802384574939135,3
608801834768793599,41
608803326615617535,10
608802681330335743,3
608803356428730367,11
608797056735117311,3
608803236387749887,18
609312360938602495,15
608798020451958783,9
608803163004207103,35
608796981891956735,3
608818907481899007,68
608801806079754239,86
609312283427864575,28
608803164967141375,20
608819019620810751,209
608803234760359935,25
608802784543768575,20
609313450786553855,28
608803280562159615,2
608801796550295551,36
608796052987838463,9
608845301465219071,40
608801953601814527,39
609312263362314239,15
608797075995361279,39
608801891895214079,4
608798022968541183,11
608819056128032767,34
608798172067659775,11
609312138573381631,3
608802211148857343,15
608801878943203327,25
608801841077026815,22
608795743599198207,14
608798010452738047,11
608801868541329407,29
608797046199025663,1
608796897620000767,5
608795935933202431,27
608819019469815807,61
608801979589722111,29
608796135632404479,2
608801942159753215,8
608801802975969279,6
608802030860894207,13
608797005312950271,4
608802376169553919,1
608801871158575103,15
609312289970978815,1
608796988854501375,24
608802161186308095,4
609312343389634559,17
608819090772983807,4
608845318124994559,2
608801842201100287,58
608796027452915711,16
608802725974507519,2
608796178917621759,5
608802244904615935,2
608807097160695807,54
608803177566830591,8
608802213162123263,1
608819057050779647,3
608802682504740863,50
608801873540939775,35
608802639169191935,28
608818979875586047,46
608795935647989759,6
608796174052229119,8
609312077151993855,334
608801883355611135,4
608798010586955775,11
608801792171442175,10
608803202531327999,39
608798055767998463,28
608803314636685311,15
608802656298729471,24
608844285655121919,15
608798149250646015,131
609313165489995775,33
608818985277849599,1
608802257470750719,2
608803315039338495,19
608802999275356159,31
609312414525030399,23
608802090134798335,11
608801879899504639,61
608798057462497279,6
608798038470688767,11
608795766097444863,9
609312379661975551,18
608819003112030207,50
608801861511675903,6
608797264789372927,24
608802455961993215,23
608796172911378431,2
608803201541472255,223
608801807338045439,13
608818993783898111,92
609312076866781183,11
608807123568033791,22
608801799788298239,18
608819024385540095,17
608819087736307711,81
608797104550182911,11
608798023220199423,28
608797082840465407,6
608803235431448575,13
609313417550888959,3
608801808344678399,14
608811036602007551,9
608797090037891071,5
608844340181073919,1
609313451994513407,9
609312133875761151,1
609312252960440319,5
608801804519473151,9
609313439596150783,12
608801798798442495,16
609312138640490495,2
608802799643262975,7
609312382195335167,6
608802378132488191,23
608802616570281983,4
608802712938610687,6
608801900787138559,13
608795288684986367,5
608801820357165055,21
608802394037288959,7
608796175327297535,2
608802694651445247,7
608818991065989119,1
608802795851612159,2
609312820416217087,1
608802239955337215,6
609313436660137983,11
608819063661002751,1
608801841731338239,6
609313417467002879,14
608798146549514239,8
608803309536411647,8
608819078961823743,4
608795744068960255,1
608801972895612927,13
608796161251213311,11
609313439780700159,12
608798021425037311,6
608802235844919295,17
609313408994508799,8
608802695188316159,6
609312320035749887,2
608807127779115007,1
608819091595067391,4
608819003749564415,12
608819001736298495,7
608819024821747711,94
608845291164008447,1
608819003397242879,3
608819056346136575,3
608845317554569215,12
608845293680590847,178
608799921276977151,4
608801830524157951,2
608802641283121151,4
608819002038288383,1
608818993817452543,28
608798021357928447,2
608797280442515455,5
609312379494203391,14
608819053158465535,1
608819015225180159,26
608798162840190975,7
608802893981548543,8
608796209569595391,17
608802942115381247,4
608802413062651903,5
608795270615924735,15
608803314385027071,4
608802459283881983,2
608818976201375743,6
608803326749835263,2
608845332050083839,11
608811037256318975,2
608797080239996927,5
608819024284876799,2
608801804704022527,12
608811037038215167,2
608802641400561663,1
609312289987756031,33
608801839080538111,13
608802735956951039,223
608818997441331199,13
608802727266353151,9
608801839986507775,66
608803063582425087,4
608796073338601471,16
609313176579735551,8
608803355052998655,2
608802622324867071,24
608796161234436095,19
608798047966593023,39
608802685742743551,20
609312105471934463,13
608803279840739327,2
608798061472251903,6
608819022154170367,29
608797269403107327,5
608801997826555903,2
609312407881252863,20
608802017573339135,7
608801799620526079,6
608802733440368639,1
608801972862058495,42
608803264992903167,2
608802039853481983,1
608801791701680127,36
608803322387759103,1
608802144945963007,5
608803339584405503,2
608802373250318335,3
608803181878575103,341
608802639185969151,1
609312823436115967,2
608803199595315199,30
608801834131259391,1
608802032907714559,11
608803352402198527,4
608802788402528255,9
608803277710032895,9
608845297052811263,6
608845289536618495,3
609312288041598975,13
608845289754722303,11
609312373823504383,6
608801796114087935,5
609313410521235455,6
608802709381840895,10
608798051556917247,7
609313164584026111,11
608845297187028991,9
608802449536319487,4
608798040685281279,13
608802212591697919,17
608807122762727423,12
608797067841634303,28
608819082552147967,1
608819050608328703,2
608802665207431167,1
608796180628897791,1
609312854406856703,1
608795270582370303,2
609312890427539455,1
608802658697871359,6
608802707771228159,7
608798327374348287,5
608807108200103935,2
608802584676794367,9
608807132208300031,2
608796521810362367,3
608795269995167743,6
608796195308961791,8
608802579022872575,11
608802704365453311,10
608803000281989119,5
608797231872475135,9
608796024735006719,1
608802928022519807,4
608798040567840767,6
609312375970988031,20
608819020577112063,7
609312375702552575,16
608802694131351551,6
609312271180496895,2
608798026290429951,4
608802337095417855,3
608797069099925503,8
608802779493826559,1
608802756039278591,1
608803218033475583,5
608803191156375551,3
608802790315130879,13
609313430452568063,3
608797270460071935,6
608797048161959935,4
609312271851585535,3
608802418079039487,7
608795270045499391,6
608798054811697151,62
608845341596319743,1
608802661633884159,19
608801859431301119,30
608802393835962367,4
608819075790929919,7
608802773605023743,1
608802768253091839,1
609313165003456511,3
608801801969336319,5
608802031531982847,3
608799898392854527,3
608802017489453055,8
608798016492535807,6
608803351982768127,12
608818850372255743,19
609312821036974079,2
608819022254833663,4
608798157219823615,5
608803331648782335,2
608796047132590079,1
608811997064069119,19
608818858156883967,20
608802441734914047,29
609312261751701503,2
608798174684905471,4
608801820055175167,3
609312416471187455,6
608796132075634687,5
608803356579725311,5
608807082363191295,2
609312087973298175,23
608797088645382143,9
609313186495070207,2
609313430905552895,2
608818974238441471,9
608845296935370751,7
609312259453222911,4
609312275408355327,4
608802579157090303,9
608798025116024831,3
609311963771568127,2
608802686397054975,1
609312136191016959,9
608801947696234495,3
608818996887683071,5
608796524595380223,5
608801858961539071,11
608802990081441791,5
608803330977693695,1
608796065168097279,13
608801839348973567,5
608803197900816383,6
609312380198846463,2
608803170956607487,3
608802350617853951,3
608803303882489855,3
608818915702734847,1
608798040265850879,2
608803338175119359,1
608801886744608767,4
608845313377042431,4
608798057881927679,2
608801862686081023,3
608802734212120575,11
608796164589879295,22
608802017338458111,1
608818995461619711,87
608818986586472447,1
608802081628749823,3
608802364442279935,3
609313419614486527,7
608803250950373375,7
608803005734584319,3
608801903572156415,25
608802785030307839,5
608802799391604735,3
608801906021629951,9
608803309049872383,7
608802091040767999,87
608801798228017151,7
609313415923499007,3
608801882667745279,7
608796058658537471,6
608802358083715071,17
608797051785838591,1
609312335521120255,1
608801880419598335,9
609312319683428351,1
608796940250906623,4
608819023177580543,3
608796987193556991,18
608803063750197247,4
609312287706054655,5
608807113703030783,2
608797068512722943,9
608802385715789823,2
608802687370133503,4
608802704046686207,8
608802394909704191,1
608819037706649599,1
608801974925656063,1
608801792238551039,1
608802772581613567,1
609312422510985215,1
608810914245771263,1
608801804955680767,20
609311980464898047,1
608802749764599807,13
608819004068331519,61
608802395144585215,2
608807079242629119,3
608807096640602111,1
609312104935063551,7
608798181714558975,1
609312272707223551,1
608802751291326463,1
609313109303099391,3
608797033549004799,9
608803278599225343,1
608811037021437951,2
608795772506341375,2
608803202346778623,4
608802644420460543,15
609312410917928959,1
608802713307709439,6
608798010670841855,5
608802426970963967,3
608802425293242367,2
609312425061122047,2
608819094480748543,14
608802687638568959,1
608806805388132351,1
608802394507051007,5
608845313343487999,2
608803004509847551,2
608798156297076735,4
608803319653072895,2
608802406687309823,1
608802418045485055,3
608802412978765823,1
608802805464956927,1
608802969143476223,5
608802752331513855,2
608801887482806271,2
608803249541087231,4
608802734430224383,1
608802942098604031,2
608802372747001855,4
608803279924625407,10
608798163880378367,14
609313105041686527,10
609313415873167359,4
609312271063056383,7
608802012892495871,7
609312036316250111,2
609312033917108223,14
608801809217093631,1
608801798261571583,52
608802034384109567,3
608844336506863615,20
608801861025136639,3
608844336523640831,10
609312246652207103,2
608845332435959807,67
608818990378123263,8
609312264654159871,13
608796138954293247,2
609312052002947071,9
609312120990859263,7
608803268398678015,3
608796041227010047,1
609312030326783999,4
608801874044256255,3
608798043352858623,5
608798053352079359,4
608797194090184703,1
608802442825433087,2
608802704063463423,2
608803246370193407,1
608801883791818751,1
609312857896517631,1
609312860329213951,1
608802658882420735,2
608801802673979391,5
608797227745279999,6
608803163306196991,9
608796123166932991,4
608819015342620671,5
609312287571836927,5
608802371606151167,4
608818848375767039,2
608802991423619071,2
608803323125956607,3
608797052456927231,1
609312291262824447,3
608819008463962111,3
609313453437353983,10
608801843358728191,1
608796139289837567,1
608811048127954943,2
608797069603241983,3
608798023102758911,9
609312790267559935,3
608803325206331391,1
609312122232373247,8
608806839445880831,2
608803307976130559,2
608798191378235391,2
608803001406062591,5
608845467576434687,8
608818917984436223,3
608845319584612351,2
608802455240572927,3
609312120823087103,3
608802048074317823,1
608801815324000255,1
608802939162591231,1
609312429305757695,32
609312859188363263,1
608803355824750591,7
608811996745302015,1
608801819182759935,1
609312424675246079,1
608845468935389183,1
608796045236764671,4
608797095289159679,2
608801860538597375,1
608802584156700671,2
608803286551625727,3
609290432496533503,1
608844345633669119,3
608802932116160511,1
608802450022858751,2
608802734564442111,1
608845305827295231,1
608796868830298111,4
608798182268207103,1
608845308259991551,1
608801807287713791,1
608795883470847999,2
608795772724445183,26
608795759520776191,1
609313168107241471,2
609312272388456447,3
609312899755671551,1
608806850116190207,5
608802765149306879,1
608802235794587647,5
608802655996739583,2
608802638883979263,5
608801824601800703,3
608797033985212415,1
608797279201001471,1
608803217999921151,2
609313108850114559,7
609313108917223423,3
608802220342771711,2
608799904331988991,1
609312822983131135,2
608795745193033727,4
608803334064701439,1
609312381692018687,1
609290406105972735,2
608803356411953151,1
608803235381116927,1
608819088608722943,4
608802410109861887,1
608802458881228799,4
608803196491530239,2
608819049551364095,7
608819037085892607,1
608803283967934463,4
609312377816481791,4
609313406847025151,1
608798172369649663,1
608803173104091135,1
608797009691803647,1
608796912165847039,4
608797083578662911,2
608802590834032639,1
608802700657688575,3
608801834148036607,1
608801843492945919,1
608845333509701631,1
608798057647046655,4
608796027033485311,2
608845438837063679,1
608845308041887743,1
608798155055562751,1
609312292319789055,1
609313170489606143,2
608811999463211007,3
608801844415692799,1
608803261587128319,1
608803256419745791,1
608802395664678911,1
608796929010171903,2
608797006185365503,1
608798145777762303,36
608819081864282111,4
608802667036147711,2
608802386940526591,1
609312052338491391,3
608802375162920959,1
608797094819397631,1
608801867417255935,1
608801884026699775,1
608798157303709695,1
608802372612784127,5
608795932997189631,1
608801788446900223,3
608803327722913791,3
608803320273829887,1
608819013027364863,34
608796165294522367,3
608844325853331455,1
608844328504131583,1
608802373199986687,2
608802377276850175,1
608802786422816767,5
608803005164158975,1
608798183023181823,1
608802790550011903,4
608802648077893631,1
608803287088496639,1
608797013852553215,1
608819008430407679,1
608802791070105599,5
608845287657570303,1
609312890880524287,1
609312893145448447,2
608802641266343935,1
608801802707533823,136
608802928475504639,1
608802146640461823,1
609312821238300671,1
608803269505974271,2
608803232210223103,5
609312001872625663,1
608798188157009919,1
608803316683505663,1
608802751643647999,1
608819001585303551,7
608796522380787711,1
609312035427057663,1
608795745662795775,2
608802704499671039,1
608796919027728383,1
608801862971293695,1
608810913876672511,1
608797101731610623,10
609313417500557311,3
609312079433695231,2
608818985563062271,11
609313443085811711,1
609313442834153471,1
608796132344070143,1
608802455475453951,4
608797015362502655,3
608798035484344319,22
608798145240891391,1
608801864883896319,1
609290387583926271,2
608801842150768639,417
608803309972619263,1
608796045438091263,1
608802144258097151,1
608797282053128191,1
608796061158342655,1
608798029947863039,3
608802163518341119,1
608802140130902015,1
608802163350568959,1
608801839013429247,3
608801882130874367,3
608802017741111295,1
609312317452058623,2
608796084361232383,1
608796089260179455,1
608795909743968255,5
608845309551837183,3
608818987089788927,2
608802923358453759,1
609311967730991103,1
608811054301970431,2
608797100120997887,2
608796049481400319,1
608819083374231551,2
608796050873909247,1
608798194767233023,2
608802209605353471,1
608802210125447167,1
608798056640413695,1
608844368098361343,2
608802017523007487,1
609313415000752127,1
608802806454812671,1
608803351244570623,1
609312361274146815,1
608798054241271807,1
608801878825762815,1
608797005078069247,1
608845314031353855,1
608797281264599039,3
608796207740878847,1
608795286604611583,3
608845287405912063,1
608802048426639359,1
608795915062345727,2
608796053222719487,2
608797270980165631,1
608844343368744959,4
609313441844297727,1
608797035528716287,1
608795912042446847,1
609312104666628095,1
608802796472369151,1
609312858081067007,1
609312859456798719,3
609312869321801727,1
608803245296451583,1
608803325659316223,1
608802082903818239,1
609312077990854655,3
608845307907670015,3
608845291465998335,1
608807120011263999,1
608802803300696063,1
608819070489329663,1
608798191428567039,1
609312133607325695,1
608795761299161087,1
608802998872702975,1
609312153421217791,1
608797054856069119,1
608797059033595903,1
609312892474359807,1
608811047305871359,4
608798194280693759,20
608802161421189119,2
608802413079429119,1
608796201097101311,2
609290389630746623,1
608798040601395199,1
608802413012320255,1
608819001635635199,5
609312426822729727,1
608802450308071423,3
608845438384078847,1
608802042302955519,1
608801888959201279,1
608844330131521535,4
608802464350601215,1
608796067131031551,1
608818996384366591,1
608797104483074047,1
608796921678528511,1
608801797305270271,1
609312012844924927,1
608802163820331007,1
608801894227247103,1
608795779116564479,1
608802712334630911,1
608798052345446399,116
608818997458108415,1618
608845298847973375,3511
608801865320103935,11468
608819013933334527,3179
608801800593604607,449
609312379007664127,2265
608801839231533055,376
608801797422710783,1423
608819020912656383,329
608801907649019903,229
608819087618867199,649
608818973114367999,1120
608818976956350463,806
609312293628411903,97
608801864749678591,7111
608802645024440319,823
608802638867202047,66
608819080555659263,736
608798163075071999,744
608801880251826175,558
608801803261181951,364
608819017439772671,710
608797063630553087,27
608819055607939071,964
608818928319201279,10714
608819011634855935,1333
608818982408945663,1261
608818980546674687,2979
608845333660696575,1318
608801797355601919,21291
608818982778044415,7112
608801832772304895,207
609312259839098879,16
608819021499858943,5704
608801857837465599,3838
608802390044311551,317
608801880318935039,1957
608801859649404927,985
609313169063542783,133
608802238613159935,718
608801844046594047,778
608845331529990143,520
608802210528100351,131
608845332956053503,3646
608819012742152191,753
609311997745430527,5
608797101077299199,157
608819011282534399,6868
608818997357445119,331
608818994522095615,1091
608819091863502847,33
608803202128674815,449
608798168192122879,1911
608798167923687423,1273
608797103208005631,2665
608819056094478335,643
608803285947645951,149
608818981653970943,2030
608803220348731391,1046
608801790862819327,2216
608819085320388607,5633
608801800895594495,1705
608798039779311615,330
609312410834042879,1382
608802644605009919,1021
608801865739534335,882
608819011987177471,11830569
608818981268094975,3117
608801790644715519,195
608819092517814271,309
608845295777742847,2157
608801835221778431,11447
608845332939276287,3721
608802793855123455,113
608801820088729599,55
609312275492241407,522
608803196374089727,60
608819088189292543,76
608801859280306175,414
608801856059080703,218
608803326867275775,32171
608845298915082239,829
608819011366420479,38197
608819091813171199,169
608819012440162303,5922
608802632609300479,1431
608802641702551551,449
608801873306058751,1145
608803285763096575,810
608801793815609343,17926
608801842318540799,3510
608819021046874111,474
608819092467482623,1625
608797103157673983,5449
608795771432599551,12
608819083273568255,771
608801857283817471,11960
608819013211914239,2222
608803209258991615,410
608819055708602367,503
608802668344770559,184
608801866477731839,110
608801865722757119,430
608801856277184511,118
608845295828074495,1409
609313168392454143,57
608798162403983359,163961
608802637843791871,234
608803214174715903,403
608818979892363263,126
608803197783375871,398
608803196290203647,115
608818968987172863,1077
608802701899202559,2281
608818973131145215,739
608819092333264895,2356
608801865873752063,1334
608801789268983807,2429
609311997644767231,5
608818976553697279,1891
608802640561700863,809
608845333610364927,2306
608803199511429119,1711
608802092097732607,32
608818969087836159,491
608795766600761343,10
608818969557598207,413
608802238596382719,1343
608819059970015231,364
608802364425502719,157
609313435452178431,86
608801787658371071,3207
608819091762839551,2407
608802656315506687,15
608801842721193983,148
608818979556818943,1439
608801787574484991,918
608845299217072127,1055
608803205802885119,645
608801840842145791,992
608819011936845823,43768
609312276465319935,1166
609312277270626303,371
608818978516631551,323
608801797405933567,670
608801814669688831,1672
608801814552248319,1253
608801817085607935,41
608801910182379519,15
608803326917607423,571
608818978248196095,2800
608798016828080127,214
608818967661772799,221
608819041934508031,317
608818993515462655,123
608802622341644287,21
608802239703678975,211
608796164791205887,15
608803202967535615,444
608818996938014719,721
608801797070389247,76
608801907917455359,280
608801803227627519,23
608798039275995135,237
608798191713779711,82
608801859347415039,324
608802208749715455,134
608801843627163647,594
608818981838520319,337
608801868507774975,318
608802201971720191,21
608818926591148031,47
608798012247900159,47
608819087484649471,3568
608803197615603711,244
608803203001090047,1307
608802094765309951,267
608798052278337535,1257
608818980949327871,670
608802694886326271,112
608802636233179135,192
608803211758796799,2092
608801865756311551,548
608803218738118655,307
608818979456155647,977
608803202313224191,986
608802938625720319,18
608819094463971327,701
608819013530681343,1199
608819085655932927,580
608802238814486527,87
608802377176186879,287
608818996753465343,1002
608803188774010879,44
608818973164699647,1058
608801817437929471,33
608802248025178111,142
609312293963956223,194
608844283323088895,90
608802735638183935,6
609312377363496959,106
608818970564231167,318
609312376021319679,191
609312351358812159,52
608801860152721407,897
608798022045794303,1123
608803191441588223,54
608802240274104319,105
608801791299026943,376
609312351342034943,48
608798147723919359,646
608818990428454911,75
608818976033603583,71
608795917880918015,29
608818994639536127,482
608801791231918079,332
608845301163229183,1321
608802700053708799,246
608819022321942527,254
608802244451631103,434
608798180003282943,5
608801811180027903,151
609312360720498687,77
608844285101473791,532
608803209862971391,499
608844285185359871,331
608818980915773439,1583
609312274502385663,207
608796865575518207,102
608802212021272575,80
608818967846322175,541
608802687470796799,155
608818986871685119,253
608802632592523263,163
608819088239624191,1173
608802735738847231,73
608801861528453119,407
608818981536530431,2021
609312373085306879,87
608818972342616063,61
609312430664712191,53
608845291533107199,40
609313417047572479,12
608802083507798015,355
608798043503853567,182
608801817857359871,3086
608818998582181887,1536
609312121863274495,4052
608802701244891135,187
608798016425426943,361
608801972627177471,32
608802686229282815,87
608803200786497535,892
608818974121000959,171
608818971822522367,387
608801805760987135,159
608819022724595711,568
608802239049367551,132
609312379544535039,79
608803204762697727,479
608803217765040127,75
608803190955048959,97
608818997307113471,129
608819021113982975,487
608819090068340735,70
608803197447831551,794
608818970245464063,64
608819011735519231,6310
608802341826592767,105
609312289132118015,6
609312378101694463,51
608819025375395839,7231
608803216120872959,8018
608801901189791743,75
608818984841641983,289
608798038990782463,109
608819072720699391,60
608819003867004927,262
608801840775036927,522
608819020459671551,69
608818970060914687,902
608818988146753535,432
608801824299810815,121
608801892734074879,556
608818983080034303,737
609312373118861311,85
608802647608131583,124
608801805878427647,218
608801839315419135,55
608802999426351103,78
608801873238949887,38
608819039887687679,246
608802700204703743,321
608818971184988159,491
609312391741571071,69
608818978650849279,124
608819019369152511,60
608845297069588479,216
609312277237071871,227
608801901441449983,256
608798165440659455,153
608802639135637503,205
609312122433699839,22
608803269841518591,536
608803005130604543,107
608801931388780543,65
608801880436375551,887
609312288360366079,79
608818987945426943,75
608818985831497727,335
608818993448353791,59
608818927581003775,1185
608818997994979327,277
608819036297363455,194
608819090504548351,159
608802344292843519,124
608801805274447871,767
608798063267414015,254
608802375884341247,323
608845299401621503,475
608819022858813439,214
609312275374800895,807
609313452179062783,128
609290389362311167,1
608819089615355903,306
608802666146955263,426
608818971302428671,627
608818969758924799,566
608818998431186943,309
608802701932756991,598
608801902968176639,112
608819091360186367,201
608803199897305087,67
608803215416229887,51
608819089783128063,1047
608802449251106815,33
608802794140336127,69
608802584827789311,83
608819051799511039,198
608802244233527295,184
608819000310235135,4
608802032505061375,49
608803299939844095,8
608798163947487231,161
609312283578859519,34
608803280125951999,178
608803326699503615,137
609312294450495487,94
608799898292191231,24
608802220258885631,319
608803266217639935,92
608819057705091071,284
608818927614558207,150
609312284602269695,50
608798052496441343,425
608845297254137855,374
608801859414523903,137
608819042471378943,170
608801806817951743,58
608801804536250367,327
609313430167355391,75
608844353334411263,16
609312412578873343,97
608801793865940991,278
608801964725108735,3
608802690356477951,113
608798016593199103,225
608801832654864383,530
608803203269525503,339
608802081846853631,702
608801908823425023,202
608819092903690239,51
608801813210071039,89
608803231992119295,2162
608802446818410495,43
608819060423000063,211
609312293762629631,24
608799903241469951,40
608802710422028287,45
608802797915209727,37
608819073693777919,260
608798043419967487,9
608802793586687999,101
608801790342725631,402
608801820290056191,175
609312284702932991,3
608801901592444927,89
608803219325321215,370
608803202665545727,18
608802453965504511,74
608802789912477695,79
608801789973626879,9
608798056791408639,113
608802629656510463,170
608801876023967743,19
609312377749372927,110
608819093440561151,297
608803309267976191,40
608801806432075775,261
608801842133991423,259
608818982257950719,602
608819004806529023,119
608798048218251263,83
608819093373452287,325
608803234391261183,72
608803265529774079,67
608819051312971775,296
608819085790150655,9
608803268717445119,629
608803167701827583,81
608801875134775295,175
608818981737857023,199
608802235677147135,72
609313165573881855,16
608798184013037567,52
608798022029017087,60
608818981184208895,321
608819015325843455,11
608801814367698943,98
608801893942034431,104
608802389188673535,154
608818926909915135,119
608802629992054783,99
608845331462881279,40
608802789845368831,211
608819079096041471,159
608802441298706431,50
608798165205778431,28
608818988717178879,8
608803275646435327,117
608802661835210751,453
608802665828188159,44
608818905418301439,25
608797951279497215,27
608802796673695743,21
608801859682959359,24
608801871443787775,218
608801806448852991,225
609313169197760511,87
608798039007559679,200
608798034158944255,20
608802735487188991,114
608795273652600831,7
608796165562957823,74
608797063496335359,68
608797253162762239,6
608802625629978623,12
608802700439584767,119
609312412343992319,443
608801885637312511,3
608818859180294143,335
608802339393896447,9
608802789308497919,47
608818988197085183,325
608802364391948287,166
608798165339996159,233
608802661533220863,11
608802667304583167,76
608818988465520639,96
608797298494799871,6
608796073372155903,90
608796053323382783,8
608796182642163711,4
608819093407006719,74
608802655359205375,263
608801818478116863,20
608802991205515263,26
608796894398775295,34
608844284396830719,299
609312411001815039,102
608818967259119615,15
608802786808692735,11
608803273599614975,82
608802667287805951,39
608801868054790143,348
608818981301649407,113
608818971000438783,67
608801841613897727,16
608798148160126975,121
608801910652141567,99
608802220544098303,53
608796069463064575,36
608798151884668927,29
608819057721868287,195
609312253295984639,21
608818909662937087,446
608819004487761919,30
609312002392719359,97
608796069211406335,7
608845301498773503,175
608802358201155583,239
608818990478786559,250
608818998179528703,143
608798011325153279,239
608798165423882239,65
608845295844851711,58
608798149552635903,33
608798045450010623,97
608818969809256447,146
608798022263898111,1066
609312414424367103,85
608798044510486527,64
608798185573318655,14
608798152085995519,17
608801794688024575,277
608798165121892351,18
608797100271992831,21
608802641048240127,41
608802227875741695,87
609313452212617215,46
608796869014847487,192
609313441894629375,200
609312394325262335,16
609312410800488447,258
608802661734547455,162
608798166430515199,94
608802211467624447,127
608797232090578943,12422
609312288293257215,36
608802930673319935,23
608818978768289791,729
608819091276300287,386
608811998624350207,7
608802230308438015,36
608798168242454527,43
609313167838806015,115
608798054358712319,83
608819000108908543,136
608798039175331839,282
608803235968319487,43
608798029981417471,40
608819071378522111,189
608796989374595071,17
608803308982763519,16
608798149519081471,31
609312362045898751,5
608818953736683519,36
608801804569804799,132
608801859297083391,9
608798062814429183,51
609312290071642111,28
608798052597104639,24
608845300374700031,57
608802647457136639,16
609313166228193279,23
608819002793263103,11
608844331691802623,10
608802238713823231,144
608803266150531071,231
608803276099420159,63
608802230945972223,170
608798056623636479,62
608819089648910335,62
608802798418526207,39
608803271032700927,102
609313411058106367,14
608844353200193535,43
608802210410659839,92
608801861662670847,119
609312001537081343,137
608803206926958591,15
608798185472655359,18
608818924712099839,56
608803063532093439,60
608802343168770047,76
608802664637005823,63
608819014923190271,211
608802030475018239,52
608844285336354815,113
608818988499075071,47
608845310071930879,15
608801875755532287,28
608802017892106239,61
608798015016140799,5
608798022331006975,104
608799898157973503,35
608802046564368383,48
608802453126643711,21
608798035752779775,34
608798146482405375,91
608802443932729343,2
608803005180936191,12
608798193945149439,61
608798194029035519,214
609312287521505279,27
609312391875788799,15
608803207161839615,15
608797068848267263,279
609311963167588351,10
608801977425461247,18
609312271767699455,65
608801791248695295,321
608801961872982015,23
608802213833211903,45
609312350570283007,116
608797026183806975,80
608803211406475263,90
608803073246101503,75
608803063817306111,90
608802644319797247,43
608797063613775871,50
608798014009507839,57
608818987676991487,149
608801841580343295,68
608796019919945727,17
608802797546110975,78
608796196047159295,101
608802230274883583,161
608802793603465215,122
609312820147781631,3
608796069395955711,14
608818991334424575,22
608807122863390719,49
608801948535095295,11
608819014486982655,105
608819084028542975,186
608796172961710079,3
608802656550387711,1
608795936184860671,6
608802450408734719,193
608801796147642367,52
608803270529384447,542
608802448965894143,19
608819001769852927,54
608803196927737855,112
608803190787276799,65
608798192217096191,73
608798039259217919,109
608797948913909759,58
608803063498539007,38
608803276401410047,31
608844285739007999,26
608797068244287487,20
608803004291743743,24
608819057621204991,18
608818976436256767,135
608818968483856383,139
608819057419878399,29
608801791668125695,39
608803199796641791,14
608802701446217727,136
608802999074029567,26
608798152069218303,65
608802942769692671,107
608796014937112575,17
608819088843603967,339
608802702519959551,99
608801807841361919,74
608819094396862463,56
608802218128179199,67
608845299250626559,14
608802050540568575,31
608818927530672127,41
608803261201252351,60
608802453109866495,7
608803213553958911,9
608844354089385983,34
608798157035274239,487
608798056388755455,15
608802638011564031,55
608797280861945855,157
608845286768377855,6
608802694852771839,2
609312361676799999,34
608797068781158399,285
608818976570474495,59
608802726159056895,67
608819080857649151,99
608803175520010239,108
609312292202348543,35
608803201457586175,146
608803275814207487,39
608801959608057855,35
608798192015769599,25
608803234525478911,47
608798052110565375,44
608803308915654655,111
608803235297230847,5
608845295509307391,121
608819089078484991,3
608802235828142079,3
608798157354041343,29
608801840825368575,368
608819071730843647,44
608802389272559615,30
608845295861628927,57
608802713391595519,97
608807101556326399,1
608797279922421759,19
608818989270827007,89
608818855858405375,4
609312288981123071,190
608796165244190719,22
608801790359502847,113
608818995478396927,49
608802352899555327,1
608802240072777727,3
608796067298803711,14
608801964741885951,29
608801843727826943,13
608802887488765951,5
609313434781089791,10
608803202749431807,15
608819080253669375,62
608802373350981631,34
608801861629116415,204
608801972660731903,65
608802255709143039,2
608801841244798975,57
608801862937739263,458
608803250849710079,3
608802082434056191,14
608801972593623039,47
609312360905048063,10
608798162806636543,102
608798040668504063,73
609312283461419007,99
609313165825540095,141
608797068563054591,22
608802256246013951,2
608801790393057279,129
608818970480345087,140
609312345402900479,28
608801829047762943,4
608796135766622207,6
608796106003841023,8
608802225694703615,85
609312262724780031,62
608844285051142143,26
608802032974823423,13
608802713257377791,99
608807119054962687,6
608803202615214079,2
608845318007554047,15
608797100506873855,48
609312317586276351,299
608802733524254719,8
608796047971450879,54
608802894166097919,6
608845296868261887,44
608801860588929023,148
608819060305559551,15
608802707720896511,76
608801868289671167,45
608801899461738495,64
608845298042667007,46
608801908303331327,2
608802090621337599,63
608798028890898431,2
608797099953225727,19
608796017604689919,39
608803202095120383,24
608802051144548351,77
608802371773923327,29
608802665844965375,63
608818986099933183,95
608796865592295423,19
608818984707424255,65
608803198018256895,2
608801859968172031,57
608798026357538815,6
608819059953238015,30
608819015862714367,44
609313163342512127,16
608818973047259135,122
608818972879486975,39
608845296717266943,10
608802411921801215,5
608802736980361215,6
608798037967372287,24
608801931975983103,9
609312259973316607,11
608818985227517951,6
608796033576599551,83
608801931455889407,7
608801960363032575,59
608845296616603647,50
608803198236360703,12
608801931489443839,12
608798156112527359,44
608802625562869759,27
608802212893687807,8
608796124190343167,245
608796062366302207,7
608797281197490175,12
608819025392173055,108
608818981385535487,35
608797018147520511,7
609312267187519487,19
608797280660619263,2
608802943809880063,72
608801811582681087,94
609312267472732159,48
608802256313122815,24
608801834349363199,36
609313179264090111,8
608802944229310463,4
608802378400923647,25
609312284753264639,78
608818987962204159,94
608803311180578815,21
608802789358829567,9
608802943457558527,28
608802657540243455,308
608798188391890943,53
608801835070783487,34
608801805995868159,63
608798017264287743,39
608796204049891327,17
608802726058393599,68
609312412545318911,43
608803330524708863,26
608802015476187135,86
609312253279207423,5
608803198941003775,26
608798183610384383,7
609312272422010879,13
608819254350839807,1
608798182972850175,7
608802788889067519,6
608803203336634367,23
609312277320957951,18
608798023018872831,63
608801797775032319,12
608802375850786815,54
609312122567917567,54
608798163830046719,44
608798050852274175,10
608819004621979647,18
608801832839413759,124
608798026776969215,11
608797093628215295,3
609312894638620671,152
608803198840340479,184
608803237629263871,28
608801926657605631,2
608798063250636799,28
608802371673260031,8
608798062126563327,32
608802759914815487,101
609312823553556479,4
608802046715363327,32
608798154938122239,23
608802938894155775,27
608798178174566399,2
608802656432947199,8
608802248041955327,2
608801893673598975,15
608796052031537151,8
608798156347408383,93
608796054296461311,2
608802892421267455,81
608802938558611455,14
608796209603149823,14
608819017473327103,102
608801959457062911,21
608845331211223039,11
608796050555142143,6
608803167819268095,9
608798191663448063,35
608803237562155007,4
608802015375523839,3
608803230532501503,3
608801842519867391,5
608797280123748351,11
608802011281883135,2
608803325441212415,3
608798185036447743,21
608798038722347007,7
608811996946628607,13
608801818260013055,18
608798061891682303,13
608802378702913535,75
608803234944909311,18
608802662221086719,24
608802028059099135,43
608797005245841407,3
609312375551557631,138
608803282155995135,11
608801808814440447,44
608801791030591487,4
609312386758737919,5
608797075760480255,29
608801841211244543,22
608802226114134015,40
609312239337340927,10
609312410146177023,11
608799919918022655,2
608819004336766975,10
609313432499388415,35
609312277052522495,30
608802631904657407,28
608845331999752191,22
609312409659637759,21
608802344091516927,10
609313405605511167,13
608818993129586687,56
608845468784394239,8
608802710220701695,47
608798028538576895,15
608801809049321471,2
608803269237538815,135
608798038336471039,10
609312344664702975,21
608819020627443711,13
608803325608984575,6
608801856746946559,55
608819094363308031,5
608802788620632063,27
608803247678816255,5
608801799201095679,59
608802991843049471,8
608802395933114367,11
608801931942428671,4
609313413524357119,17
608798164182368255,14
608797101328957439,39
609312136241348607,2
608798176161300479,6
608802407459061759,8
608807058640207871,2
608796872437399551,3
608801840355606527,51
608802687235915775,4
608796524226281471,5
608801860656037887,6
608796045823967231,5
609312376038096895,23
608798185741090815,56
608797102956347391,27
608819088893935615,448
608802761240215551,13
608801941975203839,12
608803325625761791,9
608818978013315071,8
608818972074180607,188
608796163834904575,5
608796939428823039,4
608844285554458623,21
608796935502954495,6
608795770090422271,8
608803165655007231,22
608797048178737151,11
608802450693947391,3
608803007680741375,8
608797026167029759,23
608807080433811455,1
608803218385797119,5
608798149099651071,5
608801943938138111,6
608802702234746879,8
609312373940944895,22
608818987358224383,17
609312412276883455,43
609312264872263679,9
608819002256392191,4
608795779267559423,6
608801911641997311,3
608798180120723455,8
608798029461323775,3
608818858442096639,8
608796064614449151,13
608802702184415231,9
608798172738748415,19
608797081800278015,16
608818916508041215,1
608802210611986431,12
608798151398129663,2
608802785466515455,19
608796062651514879,33
608802625277657087,7
609312381775904767,4
608802238378278911,9
608799904365543423,21
608801888070008831,19
608797081900941311,8
609312819929677823,1
608802632877735935,3
608802785701396479,28
608796019836059647,1
608802687152029695,6
608802388987346943,1
608801942696624127,24
609313410303131647,8
609312261684592639,11
608802227842187263,26
609312018314297343,10
608803001338953727,18
608798047530385407,8
609312256718536703,12
608797068881821695,8
608801914578010111,1
608803249054547967,97
608818980278239231,13
608845313410596863,25
608819079079264255,34
609312001620967423,15
608802220560875519,21
608845293546373119,22
609312287152406527,5
608801906088738815,2
608802942501257215,2
608801865823420415,42
608795766349103103,2
608811053916094463,5
608803231975342079,7
608797253062098943,3
608801947645902847,3
608802785583955967,16
608801903135948799,6
608796124475555839,5
608811962284900351,54
608810915000745983,15
608798021341151231,3
608802647826235391,34
608798010603732991,17
608798054291603455,12
608798190489042943,30
608802083474243583,4
608796163683909631,1
608801959138295807,7
608818969490489343,7
608802376823865343,4
608796935972716543,6
608844354139717631,9
608802799358050303,1
608818995763609599,9
608803274153263103,15
608845315373531135,7
608802783805571071,19
608803232227000319,14
608796062450188287,5
608802661868765183,31
608801793161297919,27
608819005410508799,79
608845316967366655,5
609312313123536895,8
608802386118443007,71
608798051422699519,15
608802806421258239,5
608803231723683839,14
608802257403641855,6
608803232277331967,27
608798190740701183,11
608818849533394943,7
609312289048231935,2
608801867635359743,103
609313407518113791,7
608844330668392447,8
608798176647839743,25
608796065000325119,4
608796172944932863,5
609290387550371839,17
609312411488354303,7
608798157739917311,4
608798155240112127,4
608845318460538879,14
609312396221087743,1
608797057104216063,1
608802657892564991,8
608802618969423871,3
608802686413832191,6
608797055141281791,1
608803219895746559,4
608802438916341759,2
609312266885529599,17
608803279974957055,3
608797232073801727,14
609290387399376895,3
608845333392261119,2
608803174899253247,1
609313407887212543,3
608818979187720191,15
608802091946737663,7
608796909380829183,2
608810914514206719,1
608798056405532671,3
608801862853853183,1
608801910551478271,2
608819025895489535,9
608796910186135551,4
609312079400140799,3
608803283229736959,7
608802797512556543,1
608802150868320255,11
608803277743587327,2
608818985009414143,30
608802627727130623,6
608802013597138943,30
608801817974800383,37
608796169992142847,3
608803004996386815,57
609312375249567743,8
608803175419346943,2
608798032296673279,10
608802661583552511,27
609312385567555583,3
608796183145480191,1
609312238867578879,7
608806852364337151,9
608796153852461055,3
608819036414803967,2
609312834425192447,4
608802703996354559,2
608802735906619391,59
608802648044339199,1
608807117494681599,6
608802619221082111,12
608797068378505215,5
608802634068918271,7
608802625025998847,52
608845300928348159,3
609312356542971903,3
608795798594912255,11
608801796248305663,4
608798062764097535,22
608798057210839039,4
609313164768575487,56
608796165932056575,9
608802041984188415,1
608802438597574655,5
609312418954215423,3
609312419927293951,5
608797252994990079,44
608818989891583999,27
608795916807176191,7
608798019277553663,3
608796017051041791,4
608802632424751103,13
609312122702135295,4
608803299520413695,3
608803303110737919,17
608803284169261055,2
608818984522874879,13
608807117461127167,19
608801841748115455,88
608801861964660735,16
608811994899808255,3
609312362146562047,3
609313186427961343,4
608797009591140351,2
608798166313074687,84
608795743330762751,16
608795759017459711,4
608796989341040639,11
608797088880263167,3
608797102671134719,16
609312122383368191,35
608818910535352319,8
608795745142702079,2
608798057378611199,40
608802218581164031,1
608798057244393471,3
608801878691545087,213
608798053503074303,6
608802631669776383,8
608818995746832383,24
608796153886015487,9
608802789946032127,2
608803237528600575,9
608819019553701887,14
608798018338029567,5
608797024489308159,6
608845333241266175,2
608802718374428671,8
608796872487731199,27
608811999177998335,3
608802932753694719,14
608797232040247295,35
608803299654631423,7
608796122361626623,3
608796043995250687,2
608819015258734591,2
608819019453038591,8
608801791466799103,24
608845290308370431,7
609312431235137535,1
609312256030670847,5
608845319735607295,4
608798188643549183,21
608845474270543871,4
608802446617083903,30
608798054224494591,4
608803063011999743,1
609312427409932287,5
608819004219326463,102
608818986938793983,6
608797051802615807,6
608797253296979967,2
608798025569009663,2
608796055521198079,1
608795286537502719,14
609312116058357759,5
608802411351375871,21
608801790158176255,11
608798146029420543,14
608802248729821183,20
608802688007667711,4
608796052903952383,3
609312239605776383,1
608797269218557951,2
608801835305664511,39
608802086158598143,1
609312238934687743,16
608845301599436799,8
609313441491976191,6
609312117031436287,4
609312078359953407,16
608802342950666239,2
608796052752957439,3
609312379125104639,4
608802463327191039,11
608801862786744319,11
609312418216017919,3
608801878406332415,20
608811996510420991,7
608801835121115135,3
608803325558652927,3
608844370547834879,2
608798052949426175,4
608802453495742463,15
609312274267504639,2
608844267787386879,1
608818993028923391,26
609312320119635967,11
609313166345633791,24
608802443597185023,4
608801868591661055,8
608796989643030527,3
609312419944071167,1
608801954222571519,11
608803177315172351,10
609313441760411647,3
609313418876289023,3
608802378652581887,3
608819079045709823,3
608802372897996799,7
608802394775486463,2
608802941662396415,1
608802715203534847,13
608802342866780159,1
608802374726713343,1
608796114576998399,17
608802794073227263,4
608801791986892799,33
608796045605863423,9
608802038259646463,1
609312857007325183,3
608844342311780351,18
608802687420465151,3
608798193139843071,1
608803355891859455,6
608795772456009727,5
608801818041909247,312
608798193609605119,3
608818984472543231,29
608819051262640127,9
608796872085078015,22
608807122813059071,8
608801907951009791,2
608844327245840383,1
608798179869065215,13
608798055583449087,20
608802806605807615,4
608797255981334527,2
608802435443458047,1
608801824148815871,7
608802409203892223,1
608797281465925631,1
608798028236587007,1
608798062227226623,6
608802239988891647,10
609312410683047935,10
608795761315938303,6
609312409609306111,10
608802255558148095,2
608801885284990975,5
608801972610400255,4
608802789895700479,10
608802590683037695,10
608798054794919935,2
608797030227116031,1
608803327907463167,7
608796047199698943,3
608801818008354815,9
608796954511540223,1
608796195359293439,3
608802721142669311,2
608801879849172991,9
608845317403574271,2
608803167668273151,4
608802449905418239,10
608819004538093567,3
609313430469345279,7
608796526507982847,2
609312012727484415,2
608803005013164031,13
609311980968214527,3
608801900720029695,8
608844347512717311,8
608802619036532735,4
608796118871965695,2
608796141957414911,11
608802717787226111,7
608802806807134207,3
608801929509732351,4
608802806823911423,7
608802734715437055,8
609312825516490751,5
609312902104481791,3
608801906222956543,1
608801903656042495,1
608807107831005183,2
609312888598822911,1
608803326582063103,13
608795777153630207,9
608802212692361215,1
608844354156494847,10
608819002961035263,3
608795288181669887,3
608799919498592255,2
608797086531452927,71
608802455509008383,2
608802933122793471,2
609312251484045311,3
608801907934232575,6
608818972225175551,15
608801787557707775,1
608802690977234943,2
608807135177867263,2
608797284301275135,2
608796525165805567,1
608796523152539647,1
608795789182894079,6
608819015292289023,1
608796137477898239,1
608802712150081535,2
609312289333444607,3
608801830490603519,1
608801841479679999,7
608802373736857599,16
609312317317840895,29
608802593266728959,7
608803014324518911,5
608802374357614591,9
608818995344179199,15
609312420447387647,2
608796141336657919,1
608818984690647039,22
608802091778965503,2
608818985261072383,15
608798172268986367,6
608795746233221119,1
608796018997198847,4
608802094882750463,92
608802687873449983,7
608796019970277375,2
608799904667533311,2
608797081414402047,25
609312382245666815,3
608802667237474303,3
608802758002212863,1
608802755619848191,1
608819061849063423,1
608819062419488767,1
608819024167436287,4
608803213335855103,5
608798175557320703,2
609312313274531839,14
609312116159021055,1
608819056815898623,1
608803308110348287,2
608807117729562623,3
608802407643611135,24
608798192233873407,1
609312290004533247,4
608802626133295103,40
609312320069304319,6
608801874061033471,6
608796167408451583,1
608801844298252287,5
608797067489312767,1
608818985529507839,3
608844264582938623,1
608802805666283519,1
608795745813790719,1
608795746082226175,1
608803353274613759,1
608797034421420031,3
608798173174956031,1
608803271703789567,1
608801831010697215,6
608845330120703999,1
608807117427572735,7
608807054630453247,3
608844216616878079,2
608819206200229887,2
608803310375272447,18
609312857997180927,1
609312859540684799,1
609312890108772351,2
608844347244281855,3
608795745226588159,6
609312379276099583,6
608845317973999615,2
608802361086836735,2
608807114005020671,1
608807054227800063,1
608798157555367935,2
608802991859826687,9
609290420836368383,1
608803007999508479,3
609290387885916159,2
608802637793460223,2
608803232344440831,1
609312855983915007,1
608801888355221503,2
609312152347475967,3
608802783990120447,6
608796125297639423,3
608811996795633663,14
608801925684527103,16
609313432616828927,1
608802715270643711,3
608803325038559231,2
609312121041190911,3
608801933955694591,1
608802247622524927,3
608801979824603135,4
608802163619004415,6
608798177956462591,3
608798182821855231,1
608799919565701119,2
609313416812691455,10
608798164668907519,2
608796062987059199,4
609312274686935039,1
608796170763894783,2
608796183296475135,3
608818996434698239,2
609312117299871743,1
608844367813148671,2
608802999141138431,1
608819001920847871,1
608795745528578047,1
608802666113400831,2
608802450123522047,1
608802970150109183,1
608801873289281535,1
608802390396633087,2
608803274086154239,2
609312018750504959,2
608801831061028863,3
608797034656301055,1
608818999823695871,3
608802037169127423,1
608801875218661375,1
608798046104322047,1
608798052093788159,1
608802381269827583,1
608806847398281215,3
608806808928124927,2
608802440812167167,1
608806856743190527,1
609312116242907135,3
609312121997492223,2
608802623264391167,2
608801913168723967,1
608796912031629311,1
608801913151946751,1
609312891165736959,2
608798157706362879,1
608802637927677951,1
608803203353411583,1
608797033364455423,2
608803352049876991,8
608803351378788351,1
608844346522861567,2
609312268160598015,1
608795744454836223,2
608795740092760063,1
608798182855409663,3
608803352133763071,3
608801882332200959,1
609313436089712639,1
608819000226349055,1
608802752264404991,1
608797068697272319,1
608806851139600383,1
608806859427545087,2
609312379594866687,1
609313449427599359,2
608802452807876607,1
608802208548388863,2
608798150307610623,2
608801802103554047,1
608803317992128511,1
608802643782926335,1
608798020200300543,1
608801808227237887,2
608801903605710847,2
608798155340775423,1
608798157622476799,2
608801973700919295,3
608807135026872319,1
608803340473597951,2
608802908326068223,3
608802144006438911,3
608802163451232255,1
608802013379035135,2
608803331799777279,3
608802248813707263,2
608818993733566463,2
608818850607136767,1
608797277942710271,2
608803325424435199,2
608802998855925759,1
608798174919786495,3
608802762867605503,1
608796185125191679,1
608845290140598271,1
608802453898395647,1
608844326977404927,2
609312835666706431,1
608802648967086079,1
608802046614700031,2
608819254048849919,1
608801926691160063,1
608802257705631743,7
608801878305669119,1
608803167265619967,1
608803352385421311,4
608802375313915903,1
609313432985927679,1
609312375266344959,1
608802783956566015,1
608803308294897663,1
608797270745284607,1
608802212222599167,5
608801981737205759,1
608802658462990335,1
608801965647855615,2
608801959322845183,1
609313180673376255,2
608810916913348607,1
608802377125855231,3
608797269805760511,1
608797252038688767,1
608802388869906431,1
609312016384917503,3
608807080618360831,1
608802732869943295,1
608801809519083519,7
609312102921797631,2
608801840791814143,1
608802806354149375,8
608844343251304447,1
608802625596424191,1
608795882531323903,1
608802425561677823,1
608806822534447103,1
609312424994013183,1
608802378082156543,1
608802708811415551,1
608802941947609087,16
608802908409954303,1
608796169522380799,2
608803325759979519,4
608845313158938623,1
608798163595165695,2
608798181899108351,1
608844216532991999,1
608844344090165247,2
608844328990670847,1
608802393131319295,1
609312854507519999,1
609312821557067775,1
608803327857131519,1
608798159451193343,2
609313170439274495,2
608796197221564415,1
608796041277341695,1
608801842284986367,1
608802238361501695,2
608801887382142975,2
608802140063793151,2
609313414799425535,1
608801894260801535,2
608818918269648895,3
609312825315164159,1
608801875034111999,1
608802702905835519,1
608802625965522943,3
608819090873647103,1
608801930298261503,1
609312833317896191,1
609312825113837567,1
608819085538492415,1
608801824685686783,1
608801844466024447,4
608801824182370303,1
608798193844486143,1
608818971101102079,1
609312335873441791,1
608798028270141439,1
608802785986609151,1
608802755670179839,1
608801839600631807,1
608802991457173503,1
608802374206619647,1
608802440526954495,2
608802373300649983,1
608802411871469567,1
608796126807588863,1
608798149921734655,1
608818969658261503,1
608802577898799103,1
608845302203416575,4
608795930530938879,4
608801937126588415,1
608797282640330751,1
609311980532006911,1
608845331194445823,1
608797007309438975,1
608819003044921343,1
608845301834317823,1
609313168124018687,1
608798034393825279,1
608802619019755519,1
608802364039626751,1
608845304719998975,1
608802940202778623,1
609312121158631423,1
608801794671247359,2
608801806868283391,1
609313413843124223,2
609312420514496511,1
609313416762359807,2
608802752314736639,4
608798044460154879,1
608801937143365631,1
608845313427374079,4
609313451440865279,1
608795915649548287,2
608801811314245631,1
608795913703391231,1
608844343419076607,1
609313441710079999,2
609313419010506751,1
609313410101805055,1
608802337951055871,1
609312076699009023,4
608803279857516543,49
608802666130178047,31
608818926540816383,6317
608819087467872255,1696
608801790325948415,445
608798043839397887,58
608818926557593599,892
609312413149298687,605
608803218201247743,827
608802083524575231,421
608797100691423231,18
608819092350042111,911
608819085588824063,535
608819093977432063,135
609312242793447423,75
608845298109775871,24
608818970077691903,349
608818982996148223,308
608797951346606079,56
608845296079732735,5090
608803202212560895,1250
608818976000049151,998
608802032958046207,2933
608818983147143167,2754
608801879194861567,31
608803220315176959,605
608818973147922431,7141
608802632793849855,285
608803163020984319,73
608802238780932095,1165
609312411236696063,1739
608818980093689855,3727
608818996736688127,792
608801787792588799,3262
608801857887797247,1104
608802376219885567,377
608819019973132287,257
608798039108222975,233
608818972359393279,862
608818997860761599,213
609312375769661439,198
608802702805172223,17
609312274737266687,1294
608818910602461183,2201
608801835473436671,1045
609313414598098943,156
608818970832666623,1749
608801789587750911,632
608818972929818623,626
608818972644605951,3611
608803201205927935,2373
608801871695446015,2744
608801788832776191,291
608801843241287679,461
608803163222310911,39
608803197984702463,771
608818970916552703,5167
608802761424764927,64
608803199410765823,1122
608801794469920767,38
608819020157681663,377
608803209477095423,998
608819010762440703,1214
608803202330001407,1079
608802640662364159,768
608802635746639871,2085
608802239837896703,111
608819048578285567,179
608802665442312191,60
608819012356276223,7352
608818982241173503,884
608801791131254783,206
608818979170942975,1024
608801865102000127,459
608818911189663743,811
608798016710639615,1195
608818968433524735,1631
608818971235319807,112
608818979909140479,1207
608801797489819647,989
609312274754043903,1496
609312270542962687,7730
608819021566967807,2373
608802626217181183,114
608803282390876159,842
608801817890914303,878
608803196139208703,1424
608801858793766911,27
608845331513212927,236
608798054140608511,188
608801788815998975,282
608818980563451903,1065
608819092618477567,1706
609313435670282239,115
608803205534449663,477
608818977275117567,716
608803201759576063,290
608801863323615231,14
608818967913431039,399
608802664938995711,25
608844284312944639,888
608801805811318783,274
608801839030206463,2004
608801842637307903,1162
609312277287403519,1401
609312412377546751,721
608798021727027199,1245
608803211842682879,435
608844344425709567,101
608845297270915071,1108
608802246934659071,97
608796893979344895,22
608803288481005567,263
608802739413057535,43
608819013966888959,215291
608801874866339839,1373
608818969154945023,971
608801864716124159,76880
608845297321246719,2402
608801790174953471,299
608801818310344703,73
608818993867784191,885
608819042404270079,242
608802631871102975,18
608819036431581183,256
608819090185781247,304
608819093591556095,397
608802764075565055,69
608801866226073599,335
609312272757555199,214
608819093105016831,782
608801808948658175,17
608797253749964799,1
609312411471577087,103
608801899646287871,365
609312292303011839,782
608818986603249663,206
608798011291598847,1273
608802082819932159,414
608818982979371007,1081
608818998900948991,1230
608803198035034111,836
608801908739538943,268
608818979691036671,106
609312305137582079,175
608802738976849919,1
608818926725365759,477
608803205517672447,1168
608801839114092543,822
608818975966494719,1654
608803237159501823,1299
608818859197071359,872
608819094497525759,379
608819091293077503,1770
608818979523264511,1058
609312104700182527,21
608818980764778495,1022
608803204947247103,685
608796049749835775,53
608801832537423871,195
608818982811598847,3555
609312375501225983,242
608802617040044031,2
608802667640127487,28
608803196944515071,98
608818998095642623,122
608819055691825151,562
608845332989607935,4446
608819083659444223,257
608798047513608191,44
609312412394323967,2871
608796062886395903,21
608845299384844287,2314
609312408032247807,1528
608798051808575487,365
609312407713480703,584
608802017204240383,95
609312236518768639,12
608801805408665599,614
608803207581270015,193
608803285981200383,1081
608798151666565119,41
608803200920715263,762
608803218184470527,787
608819012574380031,5330
608819019050385407,642
608801838895988735,234
608798023572520959,33
608803208487239679,409
608818976872464383,1175
608818967292674047,5865
608801856830832639,66
608801791181586431,625
608798022314229759,610
608802373418090495,35
608798190119944191,280
608818980731224063,3881
609312380215623679,111
608819093675442175,7151
608801830725484543,1474
608801813931491327,228
608819014738640895,5163
608803220113850367,415
608803220516503551,489
608819011383197695,2121
608819090974310399,57
608803308865323007,24
608803204880138239,469
608818980580229119,1768
608819013681676287,856
608801878758653951,1189
608819011550969855,1991
608845296784375807,801
608818926440153087,819
608801830289276927,627
608802700842237951,149
609312413686169599,3532
608798168158568447,1418
609312377531269119,101
608801903706374143,1971
609312270861729791,18561
608818968114757631,110
608801866528063487,1906
608803309167312895,48
608801843945930751,241
608803204896915455,851
608802449519542271,137
608802798351417343,1146
608803218268356607,670
609312105354493951,10
609312120336547839,6
609312291497705471,236
609312001956511743,266
608802375985004543,295
608819083474894847,457
608801799821852671,138
608819022707818495,473
608797951094947839,29
608818998078865407,303
608801806415298559,885
608818998011756543,1641
608801813998600191,266
608845295760965631,89
608845296113287167,2887
608818981603639295,671
608803220583612415,332
608802244250304511,577
608802081712635903,2960
608819024486203391,1415
608819011399974911,8798
608819011416752127,5438
608798056774631423,28
608819073945436159,289
608819083508449279,486
608818969792479231,1213
608802033025155071,21419
608801817605701631,3004
609312242676006911,58
608845332972830719,75
608801809300979711,3
608818975949717503,61
608802035206193151,4233
608801859380969471,1099
608801843744604159,1480
608802681313558527,816
608796053390491647,21
608845295526084607,10797
608802625411874815,6
608801789671636991,652
608802700607356927,266
608803196961292287,149
608801871645114367,9534
608803201004601343,868
609312272724000767,394
609312411203141631,1127
608803207228948479,81
608802942853578751,13
608803211708465151,942
608818968852955135,1022
608819004940746751,458
608801813713387519,1722
608818980982882303,1107
608819020191236095,654
608797103174451199,12
608819088373841919,188
608819048024637439,82
608802666163732479,341
608801801617014783,569
608796868712857599,1718
608818969775702015,4573
608801806197194751,371
608818971856076799,868
608798038974005247,141
608819060121010175,495
608798017213956095,680
608802798317862911,54
608818971570864127,1013
608819014117883903,1153
608803201960902655,1161
608819088206069759,666
608819017221668863,33764
608801830708707327,56
608801789117988863,381
608801789034102783,889
608801801063366655,414
609312276196884479,929
608818986167042047,929
608801814350921727,1806
608819014688309247,441
608803209376432127,132
609312276649869311,1065
608801901290455039,1734
608818977291894783,9664
608802584660017151,82
608801787842920447,1804
608818967779213311,404
608818988348080127,429
609312283528527871,496
608818979573596159,171
608801832638087167,848
608801871141797887,74
608801979992375295,31
608798019076227071,132
608802386521096191,76
608796871984414719,2
608803200954269695,1066
608801788564340735,290
608798045902995455,107
608801817639256063,845
608795744941375487,5
608795744857489407,10
608801809032544255,31
608801859313860607,130
608802991054520319,4
608803285897314303,178
608844285705453567,52
608803200081854463,1082
608818978818621439,857
608801842687639551,1038
608802622207426559,177
608818968769069055,815
609312242759892991,38
608818927950102527,143
608802239686901759,251
608802235643592703,102
608801859330637823,125
608798036541308927,108
608798165356773375,189
608802694450118655,18978
608818998682845183,192
608801930902241279,98
608802337649065983,43
608802633011953663,113
608819042538487807,207
608819044534976511,958
608797015245062143,51
608802384876929023,29
608801866091855871,67
608801960379809791,52
608819085689487359,1391
608801861897551871,536
608797253548638207,24
608818986955571199,190
608801894311133183,95
608803200417398783,873
608803205568004095,331
608845331144114175,1220
608803282894192639,220
608802701462994943,174
608796869417500671,24
608798011794915327,167
608798008540135423,100
608801903723151359,466
608819094732406783,8
608801806281080831,198
608803211339366399,219
609312317754048511,226
608819057453432831,432
608802625093107711,58
608801866595172351,2344
608818972795600895,662
608796054715891711,177
608819025425727487,911
608801843392282623,601
608802694164905983,1363
608819014889635839,1269
608801842435981311,396
608801867467587583,225
608801809485529087,220
608819059919683583,441
608818979640705023,97
608818979221274623,301
608802695540637695,222
609312375668998143,16
608801807254159359,137
608818973735124991,156
608801910635364351,370
608819088071852031,703
608819093339897855,454
608796071811874815,13
608803209846194175,722
608802686346723327,323
608801859515187199,133
608801978062995455,5
608844285806116863,680
608818925567737855,410
608818985764388863,476
608818994941526015,220
608802248847261695,186
608802243679879167,658
608802387024412671,48
608802694718554111,2352
608845298948636671,251
608801874128142335,67
608802636350619647,306
608802377008414719,400
608844285302800383,799
608819021516636159,699
608801817421152255,226
608803218167693311,383
608796049665949695,138
608801979556167679,30
608802372545675263,100
608803211893014527,426
608797264755818495,40
608818926876360703,637
608819021969620991,776
608803248786112511,83
608802090537451519,83
608818910870896639,109
608818979254829055,109
608801857132822527,152
608818927128018943,554
608819080186560511,377
608844283272757247,319
608798014043062271,127
608795771701035007,119
608798038252584959,661
608798162554978303,50
608802640427483135,533
608802454586261503,19803
608803218939445247,435
608802384373612543,1
608801789638082559,57
608818972376170495,356
608819044937629695,245
609313439327715327,42
608801880453152767,1106
608819004403875839,325
608803201289814015,221
608803211389698047,519
608802584341250047,213
608818968920063999,1190
608798053268193279,29
608797026938781695,173
608818978499854335,109
608819005695721471,316
608845299183517695,620
608801867887017983,34388
608844285772562431,8
608802694148128767,695
608802694668222463,150
608819044568530943,776
608802453864841215,55
608798009462882303,13
608801875940081663,47
608818982929039359,1156
608802662170755071,168
608801862333759487,30
608798182150766591,1
608801842654085119,277
609312256114556927,5
608818973433135103,1783
608801800375500799,527
608819080320778239,48
608801816531959807,31
609313414061228031,107
608798019394994175,256
608819073190461439,319
609290390083731455,57
608819072485818367,225
608798038017703935,567
608818979774922751,421
608801798295126015,54
608801875117998079,201
608801805358333951,33
609312001637744639,140
608801810391498751,742
608819094665297919,483
608818971520532479,41
608819019956355071,373
609312002342387711,115
608798016945520639,45
608798164618575871,294
608802256095019007,232
608844352814317567,188
609312344765366271,80
608803199393988607,107
608801871359901695,112
609312291548037119,356
608818981502975999,542
608818981620416511,731
609312276549206015,328
608801800274837503,430
608801873842929663,148
608801867199152127,35
608801865907306495,1113
608802645091549183,387
608818995864272895,378
609312235981897727,121
608801801667346431,595
608819093323120639,970
608798056808185855,92
608819059902906367,222
608845298277548031,118
609312270794620927,142
608803245782990847,64
608797072069492735,301
608803202179006463,75
608803282357321727,149
609312263613972479,11
608801801046589439,363
608801798211239935,204
608803276015534079,30
608803284420919295,8
609312391573798911,84
608845297019256831,319
608798022951763967,840
608801842117214207,195
609312267422400511,80
608803287843471359,154
608802256061464575,17
608818973416357887,1969
608819025962598399,197
608802788872290303,35
608803200450953215,308
608818968601296895,242
608803237193056255,116
608803326833721343,994
608797098057400319,19
608802231264739327,168
608801900837470207,104
608819072989134847,267
608818999119052799,1482
608818967946985471,750
608819072972357631,272
608798019378216959,131
608798192284205055,71
608801861562007551,84
608845299200294911,220
609312409844187135,14
608802644504346623,439
608801860052058111,232
608798179835510783,278
608802081729413119,1145
608803200534839295,95
608845331077005311,713
608819048628617215,178
609312292118462463,841
608818977073790975,208
608803326816944127,51804
608818969893142527,343
608798021139824639,348
608818971319205887,247
608819084548636671,566
608818977627439103,42
608801839785181183,137
609313415839612927,125
608798042530775039,83
608802240206995455,343
609312274284281855,219
608797086799888383,1524
609312265274916863,67
608802243193339903,128
608801790191730687,113
608819093658664959,190
609312274670157823,61
608801789101211647,632
608818985479176191,432
609312239035351039,23
608798181395791871,1
608801842872188927,220
608802796824690687,44
608802644353351679,114
608801809888182271,101
608798038906896383,89
608801813394620415,49
608802211551510527,184
608818986636804095,338
609312276784087039,360
608802377025191935,36
608797097335980031,109
608819088860381183,242
608803003721318399,87
608801901558890495,228
608803217865703423,30
608796196030382079,106
608803280109174783,49
608802212323262463,178
608803196223094783,653
608797102939570175,149
608802694265569279,270
608801839046983679,258
608803200752943103,49
608798164333363199,272
608818976352370687,32
608802623314722815,337
609312001990066175,30
608845331127336959,72
608818997843984383,189
608798163746160639,142
608798171279130623,60
608798020821057535,101
609312411270250495,239
608819016332476415,1617
608802210427437055,181
608798040181964799,250
608796024785338367,6
608798042614661119,95
608818977208008703,40
608798163796492287,102
608819058090967039,109
608801874379800575,15
608818998884171775,53
608798055885438975,160
609313165741654015,37
608818996468252671,971
609312413887496191,106
608803287558258687,605
609312289937424383,230
608818998632513535,444
608819013748785151,206
608803248047915007,15
609313415403405311,202
608818983096811519,352
608818928369532927,470
608801806398521343,198
608802210628763647,169
608818974104223743,1148
608819080790540287,176
608802248008400895,66
608818973651238911,140
608802231247962111,104
608819093037907967,41
608802378216374271,23
608802661768101887,19
608796123888353279,5
608803203152084991,171
608818992978591743,274
608802394305724415,239
608799919263711231,264
608845296532717567,909
609312413853941759,190
608798044275605503,186
608803283431063551,33
608798036323205119,237
608803203252748287,696
608803203303079935,22
608801865051668479,70
608803275277336575,43
608802707586678783,14
608798031088713727,48
608795743515312127,16
608795770644070399,54
608802790650675199,40
609312350838718463,211
608819057839308799,8
608795770593738751,15
608802790801670143,16
608802788335419391,23
608801873960370175,42
608802239720456191,300
609312412075556863,118
608801901693108223,413
608798016979075071,9
608802690994012159,143
608798054643924991,49
608796858394869759,7
608801810039177215,102
608845296515940351,475
608819000176017407,47
608801868407111679,142
608798014496047103,14
608796897603223551,294
608801820139061247,29
608803266184085503,35
608801857703247871,90
609312236082561023,61
608801833141403647,203
609312408166465535,158
608803268767776767,47
608801861192908799,59
608802940756426751,12
608802694181683199,61
608803200601948159,143
608801856730169343,26
608796868813520895,154
608801791416467455,194
608795913518841855,3
608802638095450111,42
608845296968925183,161
608801902297087999,129
609312238985019391,55
608801790913150975,802
608798034075058175,25
608801796416077823,45
608819055675047935,83
609312293108318207,86
608818971705081855,63
608801866578395135,432
608798062948646911,11
608797068311396351,49
608797097520529407,29
609312293242535935,79
608819091527958527,24
608819083525226495,564
608803232294109183,56
608801790661492735,1461
608801866846830591,70
608802376102445055,6
608803234223489023,29
608802635914412031,150
608802032857382911,23
608802695255425023,123
608818978852175871,174
608845297874894847,32
608802584743903231,38
608819094195535871,437
608803249373315071,139
608803275914870783,93
608818911156109311,156
608802090688446463,836
608801862635749375,56
608801861444567039,110
608798056841740287,35
608802256296345599,4
608803199997968383,295
608798055684112383,28
608798165407105023,87
608802641299898367,9
608801885066887167,3
608819019906023423,72
608803218469683199,89
608818910753456127,38
608818993062477823,64
608811052657803263,6
608798060717277183,62
608818856244281343,5
608803266251194367,14
608801788631449599,225
608797951027838975,47
608802732433735679,4
608801866897162239,6
608798052077010943,102
608802389742321663,159
608801805207339007,256
608797086850220031,39
609312276431765503,156
608801804989235199,150
608801886862049279,26
608819082686365695,89
609312293829738495,76
608801887784796159,5
608802255591702527,1
608802034568658943,141
608819020392562687,105
608802789878923263,128
608818982845153279,221
608798162705973247,553
608803237260165119,139
608802640712695807,8
609313448186085375,93
608802796254265343,1
609312152364253183,195
608802632139538431,18
608818994689867775,84
608797098577494015,10
608801840120725503,118
608803280193060863,101
608803234072494079,52
608802081779744767,170
608802733104824319,7
608802700456361983,158
608801801096921087,406
609312291866804223,133
608803211305811967,158
608801858340782079,134
608798165893644287,114
608844284967256063,40
608819043276685311,91
609313417953542143,3
609312122333036543,202
608802230291660799,125
608819082870915071,39
608801840087171071,23
608795269525405695,2
608818994287214591,170
608818973215031295,319
608819093927100415,124
608802230476210175,75
608798019059449855,163
608802701429440511,51
608801806465630207,148
608801832805859327,214
608803197498163199,41
608818999655923711,107
608803248802889727,57
608802449620205567,38
608802664586674175,37
608801864867119103,74
608818999706255359,78
608801860186275839,406
608803248937107455,72
608802208649052159,110
609312335957327871,3
608801819904180223,23
608818998145974271,127
608819087753084927,124
608802617543360511,19
608802657171144703,27
608801800979480575,77
608801800258060287,268
608798044292382719,213
608802447439167487,148
608796869350391807,161
609312276482097151,60
608802695389642751,29
608802372730224639,54
608803199477874687,961
608801809921736703,111
608801788581117951,357
609312313022873599,4
608802713341263871,94
608802389406777343,181
608803283917602815,135
609312414709579775,39
609312291615145983,18
608802226097356799,120
608801820390719487,239
608801864816787455,32
608796869333614591,109
608802454535929855,470
608798166162079743,11
608819089699241983,163
608802789241389055,58
608796911897411583,53
608818910736678911,33
608801843677495295,224
608818856042954751,31
608801867903795199,5
608801813444952063,218
608803193589071871,225
608802667203919871,106
608802239569461247,148
609312275827785727,130
608803188807565311,77
608819020962988031,39
608819089414029311,289
608801808982212607,19
608798020787503103,73
608819013614567423,143
608801868709101567,228
608818979321937919,119
608819089883791359,36
608803308932431871,129
608798147455483903,58
608819012675043327,173
609312345855885311,33
608802228462944255,25
608798149233868799,74
608802384927260671,19
608819059634470911,943
608798044946694143,67
609312078208958463,93
608802046832803839,107
608797951313051647,37
608819056077701119,120
608845333107048447,264
608802373434867711,239
608803190921494527,91
608801867031379967,24
608801859783622655,20
608801819686076415,45
608796073070166015,22
608798026927964159,5
608796912149069823,18
608818974422990847,174
608801814334144511,130
608802247639302143,156
608802212071604223,29
608803219241435135,56
608798155441438719,14
608797080541986815,11
608818972778823679,85
609313433539575807,72
609313418540744703,160
608811050057334783,7
608797075928252415,167
608797093695324159,6
608801875168329727,59
608802387091521535,30
608796052014759935,44
608801875151552511,7
609312267489509375,88
608803215500115967,456
608801880369266687,179
609312284669378559,41
608818969104613375,140
608818997340667903,227
608811037088546815,13
608803287809916927,130
608819044954406911,132
608797064620408831,94
608803196592193535,28
608818926020722687,14
608801810173394943,96
608819022204502015,30
608798040148410367,78
608797086934106111,4
608798020972052479,74
608801860421156863,64
608802999376019455,644
608819016399585279,3
608802761978413055,88
608845290476142591,8
608798180103946239,41
608818979489710079,230
608798052697767935,423
608798039628316671,69
608801819568635903,37
608802624942112767,72
609312287722831871,30
608802464417710079,1
608819019201380351,10
608845310055153663,75
608801975026319359,75
608796908474859519,3
608845301632991231,33
608845302169862143,21
608803201256259583,249
608802991138406399,169
608801841429348351,53
609313418473635839,115
608802389893316607,199
608798149200314367,32
608796910202912767,92
609312271214051327,2
609312293359976447,8
608819085941145599,36
608801800459386879,21
608819005662167039,32
609312271818031103,63
608818997005123583,14
608818986234150911,40
608802046530813951,60
608802364224176127,60
608845290392256511,14
608802938860601343,30
608798164266254335,18
608802647994007551,73
608801830389940223,163
608798019109781503,220
608803063515316223,75
608801832470315007,25
608798147572924415,24
608802700875792383,15
608802938424393727,21
608802341692375039,91
608818996971569151,504
608818979154165759,165
608802636300287999,80
608818925517406207,32
608818974204887039,115
608803326112301055,122
608803199326879743,257
608801875487096831,35
608796035455647743,64
608819088172515327,214
608796200962883583,51
609313435754168319,108
608803310308163583,64
608802970099777535,7
608796047954673663,51
609313418490413055,104
608818977644216319,17
608819013782339583,128
608818928050765823,193
608818981989515263,132
608803188740456447,88
608797100188106751,25
608802789811814399,140
608796164623433727,24
608802798099759103,96
608802358066937855,73
608802632206647295,411
608798036004438015,6
608801807791030271,119
608802999006920703,18
608819004034777087,42
608803260513386495,22
608801873859706879,75
609312410112622591,56
609313167134162943,112
609313167419375615,468
608802999778672639,14
608798172554199039,227
608802395345911807,85
608798149770739711,65
608801873507385343,31
608797948729360383,28
608819036247031807,173
608796015222325247,17
609312422125109247,7
608803269287870463,20
608801893958811647,60
608801797724700671,29
608802017405566975,88
608802733356482559,16
608798150005620735,25
608798053939281919,10
608802410931945471,2
609312256835977215,2
608819039904464895,132
608796200761556991,15
608818967343005695,166
608801899327520767,808
608819072938803199,4
608798013153869823,16
608803248886775807,75
608819010795995135,42
608801818494894079,27
608798148512448511,58
608803234810691583,2
608802030273691647,47
608799904583647231,15
608801843845267455,234
608797013701558271,61
608797082488143871,4
608797029824462847,1
608797014255206399,61
608802734010793983,18
608806856692858879,2
608803311616786431,70
608803211607801855,40
608796939680481279,15
609312289887092735,369
608802789677596671,180
608798020703617023,98
608796201466200063,30
608807117796671487,14
608803201944125439,18
608798150106284031,35
609312379326431231,36
608797103291891711,5
608797023818219519,9
608801845120335871,23
608801833191735295,39
608796195711614975,36
608803202296446975,15
608797014389424127,58
608801842922520575,51
608803202028011519,44
608796195342516223,18
609312284468051967,68
609312414457921535,59
608803271284359167,217
609313407249678335,25
608845332083638271,83
608797281751138303,24
608798182385647615,31
608802687202361343,73
608803003150893055,128
608803203386966015,95
608803172147789823,3
608802617979568127,34
608801961386442751,12
608802015006425087,21
608801809351311359,2
608801947763343359,44
608802763924570111,47
608801839097315327,166
608802081544863743,62
608802992564469759,76
608803284840349695,3
608799898124419071,4
608802046648254463,20
608801802992746495,356
608797069150257151,11
608801948216328191,23
608818999588814847,19
608802991004188671,16
608799903207915519,39
608819002742931455,1
608797024556417023,57
608819051866619903,124
608803278381121535,27
608803167114625023,6
608803278448230399,38
608796857975439359,55
609312293292867583,53
608801843593609215,96
608801908454326271,38
608799904348766207,68
608799919750250495,41
608819002055065599,15
608802248394276863,139
608799919129493503,21
608798050919383039,10
608802713072828415,82
608803005097050111,261
608802999829004287,10
608797024808075263,25
609312339295993855,147
608801832789082111,112
609312379041218559,1
608802034115674111,12
609313163795496959,62
608798152371208191,11
608845299787497471,5
608797018617282559,16
608803233736949759,34
608801820256501759,24
608802447237840895,36
608818980429234175,69
608819070606770175,21
608797013500231679,41
608818969675038719,36
608802713089605631,162
608844336691412991,40
608802726192611327,49
608803000164548607,5
608798057714155519,96
608819088877158399,1113
608818993700012031,161
608797284217389055,104
608819071646957567,48
608802727165689855,51
608798173862821887,38
608798190103166975,37
609313413658574847,20
609313430150578175,3
609312894386962431,7
608798190472265727,54
608796517112741887,1
608803262174330879,10
608796123116601343,58
608802364274507775,20
608796891395653631,57
608797023918882815,8
608798164283031551,93
608798031038382079,34
608802621301456895,80
608818925349634047,36
608807115045208063,24
608802413029097471,12
609312409827409919,19
609312425816096767,51
608802664905441279,58
608819060255227903,45
608802081611972607,100
608803008771260415,3
608803163205533695,103
608803314351472639,5
608798013875290111,9
608796065067433983,15
608802411334598655,8
608796868729634815,34
608803196978069503,26
608797269738651647,2
608845333794914303,40
608801892750852095,152
608803014139969535,15
608845297958780927,52
608798176110968831,5
608796895153750015,54
608802451583139839,2
609312894621843455,20
608819057637982207,62
608796200996438015,23
609313164214927359,1
608819050977427455,132
608798193693491199,34
608802406402097151,4
608798164534689791,29
608818994723422207,437
608796064580894719,3
608819078978600959,4
608803268214128639,14
608818972141289471,11
608819005024632831,184
608802090185129983,35
608803063834083327,72
608796064882884607,11
608802998755262463,28
608819073274347519,74
609312259855876095,27
608798163762937855,23
608802621720887295,42
608819072905248767,55
608796064597671935,16
609312385047461887,1
608818994505318399,32
608798166061416447,79
609312120017780735,49
609312265140699135,4
608796195879387135,14
608802662187532287,71
608801875956858879,9
608796858378092543,4
608811997248618495,5
609312133892538367,134
609311963704459263,2
608802621653778431,38
608802372260462591,81
608801900954910719,32
608803309502857215,18
608803188706902015,36
608802685658857471,16
608802091879628799,2
609312002375942143,63
608803278414675967,137
609312133842206719,5
608802943776325631,4
608844331507253247,6
608797099718344703,17
609312001771962367,12
608796068187996159,19
608802632156315647,45
608803326078746623,116
609312382178557951,1
608801813377843199,3
608803220248068095,228
608801842368872447,3
608796019248857087,7
608801899763728383,18
608802029535494143,60
608844348452241407,22
608818975798722559,21
608797086984437759,60
609312288310034431,15
608819014755418111,39
608803198521573375,6
608802447372058623,18
608801819753185279,14
608845300743798783,165
608801818947878911,51
609312261399379967,8
608802631468449791,323
608801892700520447,73
608818996417921023,29
608796201248096255,52
608797104365633535,36
609312018045861887,3
609312378571456511,5
609312418417344511,7
608796051763101695,2
608796047988228095,6
608796989139714047,14
609311965348626431,1
608798190757478399,70
608803005768138751,16
608801845472657407,117
608798052379000831,58
608803270495830015,42
608819093960654847,85
608803199763087359,148
608801811280691199,8
608798051993124863,112
608819082149494783,35
609313429882142719,16
608801817689587711,46
608802621637001215,63
609313168358899711,10
609313434982416383,62
608802239133253631,11
609313414681985023,51
609312834374860799,9
608796898223980543,11
608802375766900735,96
608818974540431359,65
608819003145584639,52
608818999639146495,80
609313431173988351,4
608803005197713407,63
608801844751237119,47
609312293611634687,3
608801948568649727,23
609312120420433919,5
608818967510777855,31
609312373689286655,25
608818999454597119,20
609313176479072255,11
608802665308094463,63
608802453294415871,4
608802441047048191,17
608802713123160063,42
608802247488307199,20
608801960430141439,49
609290390066954239,113
608803234173157375,21
608802710237478911,26
608802626032631807,5
608802617107152895,59
608802453881618431,13
608797280006307839,8
609312345973325823,26
609313407652331519,3
608803282541871103,11
608818972812378111,99
609313407199346687,3
608802210393882623,88
608807122225856511,38
609313404347219967,2
608802703912468479,33
608802364794601471,2
608797020244672511,3
608818968718737407,60
608802440325627903,86
608798040735612927,27
608802201938165759,14
608819070690656255,145
609312294198837247,126
608802034031788031,21
608801860974804991,50
608795792437673983,23
608798150139838463,50
608801899696619519,1
608802385615126527,23
608801972560068607,108
608802225510154239,66
608796869904039935,19
608797020429221887,7
608802375750123519,62
609312032440713215,7
608802215225720831,33
608802708828192767,5
608795793192648703,10
608803283934380031,20
609312077168771071,16
608802213648662527,48
609313452397166591,33
608801929090301951,5
609312002040397823,25
609312078443839487,34
608802212860133375,47
608795744505167871,18
608803232109559807,63
608819088138960895,10
608819080220114943,17
608844344174051327,37
608802202273710079,11
608819042521710591,25
608801948182773759,47
608802644219133951,15
609312032239386623,6
608802220074336255,59
608795798762684415,21
608801789906518015,183
608844285034364927,28
609312388990107647,3
608801841043472383,49
608803208755675135,176
608803251285917695,17
608797033146351615,152
608795744891043839,20
609313416292597759,8
608802717250355199,6
608802203381006335,76
608803334148587519,12
608796072365522943,25
608802032253403135,65
608802463310413823,11
608802217943629823,32
608801814602579967,107
608802640628809727,13
608797075827589119,10
608796124257452031,42
608803303798603775,8
608797097436643327,4
608801794604138495,40
608798190791032831,14
608796051561775103,10
608818927966879743,55
608797104348856319,2
609313449243049983,2
608795797152071679,1
608802203112570879,12
608802356976418815,36
608803309234421759,44
608803303865712639,25
608818993599348735,10
609312265342025727,61
608801809015767039,13
608802578955763711,9
608802051161325567,54
609312902003818495,2
608818975865831423,109
608818989220495359,29
608796521793585151,4
608797197848281087,3
608797231587262463,14
608802228194508799,34
608802048258867199,33
609312892306587647,2
608801803277959167,78
608802635880857599,63
608801862048546815,108
608819091309854719,142
608795935681544191,61
608796209687035903,10
608802710321364991,87
609312901517279231,1
608819090722652159,78
608795798544580607,16
608796199385825279,36
608797232191242239,6
609312835448602623,2
608803314670239743,7
608796019903168511,12
608819091444072447,75
608796209519263743,36
608801906139070463,1
608798055902216191,63
608803247846588415,19
608798033605296127,20
608807053472825343,5
608818927648112639,20
609312379829747711,3
608802647574577151,49
608803279136096255,26
608801874346246143,12
609312277304180735,64
608818989354713087,6
608803275344445439,53
608802666767712255,19
608798043789066239,78
608798033773068287,5
608803314603130879,6
608802452572995583,232
608802625529315327,11
608802455945215999,14
609290405938200575,136
608819008178749439,11
608801865856974847,10
608801942713401343,42
608801792490209279,39
608803351462674431,28
608799921528635391,4
609312264805154815,24
608801798697779199,36
608799904466206719,19
608801811414908927,42
608801790711824383,23
608818977677770751,4
608796020641366015,19
608803352418975743,1
608797277808492543,16
608802968656936959,59
608799903459573759,15
608796064295682047,9
608803167869599743,61
608803237780258815,20
608803308244566015,6
608795768530141183,14
608803303748272127,9
608801819065319423,11
608796021161459711,13
608819094799515647,52
608801798831996927,268
608803309586743295,130
608796891345321983,22
609312289081786367,35
608802647641686015,31
608802449502765055,27
608798189968949247,5
609312376088428543,58
608802440308850687,23
608818989019168767,19
608803233451737087,25
608818988952059903,227
608803356479062015,4
609312239739994111,12
608801796231528447,22
608798163813269503,33
608803014458736639,1
608802933877768191,3
609312343439966207,11
608802700489916415,6
609313436156821503,20
608802993789206527,20
609312379292876799,4
608801806767620095,9
608807127493902335,22
608801797825363967,1
608803311398682623,3
608803303010074623,21
608801977744228351,5
608797284351606783,13
608802704315121663,12
608806848505577471,57
608801859951394815,27
608797103744876543,16
608797281700806655,6
608801955162095615,15
608801977677119487,6
608798039661871103,15
609313406310154239,7
608811998725013503,63
608796983099916287,9
608803323662827519,4
608797023734333439,7
608801806952169471,4
608801808445341695,28
608802931948388351,10
608796989055827967,13
609313413608243199,2
608819004135440383,44
608802368636583935,22
609312284568715263,26
609312858399834111,53
608802701597212671,35
609313166177861631,41
608796020859469823,6
609313165540327423,7
608818988851396607,12
608796050504810495,21
608796871749533695,69
608819085639155711,26
608802448798121983,22
609312265375580159,15
608796062433411071,17
608818989455376383,15
608802807008460799,6
608796523488083967,4
609312275878117375,28
609312256735313919,14
608802632743518207,16
608798157018497023,3
608798021123047423,17
608801863055179775,18
608802376186331135,17
609312122668580863,4
608798040383291391,13
608802218195288063,31
609311963217919999,5
609312319918309375,14
608818989405044735,11
608844353384742911,16
608802992581246975,1
608803005701029887,37
609312276918304767,15
608807119843491839,1
608801833812492287,18
608802991239069695,15
609313419178278911,17
608803299201646591,8
608802082887041023,14
608802441466478591,7
608819022372274175,38
608802453193752575,2
608796525434241023,5
608798163528056831,14
608818968097980415,13
608802700154372095,28
608819094145204223,13
608798174198366207,83
608798061455474687,45
608818977459666943,12
609312313794625535,3
608807118165770239,3
608803256688181247,4
608819093524447231,20
608796051024904191,20
608796052685848575,26
608801814686466047,30
608807120111927295,1
608818994471763967,75
608798148780883967,14
608802241263960063,46
608802991339732991,16
608802090705223679,9
608802371924918271,10
608796135733067775,11
609312414072045567,5
608803197246504959,64
609312268093489151,8
608803278095908863,42
608798039242440703,51
609312018263965695,5
608803310392049663,3
609313169248092159,31
608845296700489727,8
609312073142239231,65
609312377967476735,4
608819060238450687,15
608819024620421119,19
608819092081606655,129
608795741938253823,2
609313169466195967,10
608818976385925119,6
608803280260169727,3
608845293512818687,63
608796201533308927,10
609313168795107327,13
609312072991244287,30
608803196810297343,89
608796137763110911,8
608801815877648383,2
608819013799116799,26
608796025020219391,6
608803220415840255,38
608797075810811903,17
608803213839171583,15
608798191747334143,3
608803219509870591,27
608797099164696575,9
608803004375629823,46
608801866125410303,32
608845293563150335,19
608803197733044223,17
608802990064664575,3
609312292219125759,42
608798174282252287,18
608795777237516287,1
608819022389051391,13
608797231536930815,2
608801961839427583,20
608819005158850559,30
608802700624134143,14
608802789342052351,195
608801800325169151,21
608818995612614655,19
608797081951272959,14
608796207573106687,21
608796066745155583,19
609312152330698751,20
608795268132896767,5
608801811129696255,13
608801944609226751,31
608845293613481983,90
608801930566696959,37
608801944156241919,8
608803217983143935,72
608803260244951039,2
608801819887403007,17
608802377578840063,11
608802363318206463,10
608801974506225663,60
608801879698178047,72
608819048309850111,84
608802372210130943,6
608801942461743103,5
608801887466029055,3
608802390379855871,20
608798039611539455,6
609312277169963007,23
608819023378907135,49
608796986908344319,13
608845290409033727,1
608796155664400383,8
608795936117751807,1
608801874312691711,1
608818968081203199,4
608802626368176127,8
608802687403687935,65
608796072583626751,21
608798013573300223,25
608801808378232831,64
608801792221773823,14
608799919733473279,14
608801902850736127,13
608807053288275967,11
608798158109016063,16
608818996602470399,1
608803246286307327,11
608796204586762239,13
608798157370818559,12
608799904550092799,24
608802618046676991,6
608802626384953343,16
608807117394018303,1
608802726259720191,18
608803207195394047,6
609312256886308863,1
608802784258555903,1
608796165462294527,11
608796116472823807,1
608802390530850815,3
608818990881439743,23
608803215617556479,8
608802739547275263,2
608819003514683391,10
608802930706874367,12
608801859599073279,5
608818967745658879,323
608802715455193087,3
609312152213258239,8
608803311214133247,32
609312894705729535,15
609312252842999807,12
608845296566271999,36
608803351798218751,9
608801899277189119,113
608795917746700287,22
608795797202403327,4
608798172621307903,2
608802791086882815,2
608803282659311615,7
608796054866886655,7
608796164204003327,14
608818988029313023,7
609312253195321343,117
608802600782921727,22
608796523471306751,403
609313435536064511,20
608802046295932927,165
608797014641082367,26
609312375937433599,9
608845332335296511,48
608798021274042367,6
608795935530549247,1
608807114374119423,30
608801808613113855,85
608818988767510527,40
608819036062482431,1
608798188308004863,10
608845293479264255,22
608798166279520255,6
608801861092245503,1
608797095305936895,5
608796928037093375,5
608818995813941247,48
608796165713952767,15
608802017539784703,42
608796195963273215,40
608803283112296447,9
608797034622746623,4
609312392613986303,1
608796201516531711,5
608802248427831295,6
608796161737752575,9
608802082182397951,40
608802244283858943,11
608798036272873471,6
608802375582351359,12
608797009624694783,3
609313419278942207,11
609313419346051071,4
608802454502375423,50
608802631854325759,22
608798019344662527,16
608796868981293055,12
608797007863087103,2
608796164237557759,14
608803219929300991,5
608845289721167871,13
608797100657868799,14
609312407679926271,11
608797086917328895,6
608796939865030655,6
608796939797921791,15
608845312890503167,13
608802892941361151,5
608798052060233727,32
609312410062290943,13
608844367880257535,6
608796125247307775,3
609313109319876607,5
608803005566812159,12
608802695137984511,9
608796033324941311,17
609311980498452479,6
608844367930589183,10
609311978048978943,1
608802632122761215,18
608795270347489279,5
608796175729950719,2
608802452539441151,94
608801864833564671,26
608845301582659583,7
608796175176302591,2
608796068322213887,1
608802209722793983,9
609312262087245823,6
608797093091344383,11
608818967762436095,107
609313181378019327,1
608801960715354111,1
608802795918721023,1
608845309686054911,1
608798052865540095,2
608818977979760639,29
608802584525799423,2
608803207396720639,7
609313181344464895,1
608801965228425215,1
608819016231813119,3
608819062788587519,1
608801862149210111,2
609312856000692223,1
608819068694167551,1
609313432532942847,3
608802763438030847,1
609313185622654975,1
609313430184132607,9
608818997625880575,23
608803220013187071,18
608796195443179519,9
608802706949144575,10
608845318527647743,7
608802082668937215,4
608801942562406399,3
608795777287847935,2
608796015457206271,8
608801900350930943,28
608796065050656767,10
608819056748789759,3
609313422231732223,6
608802735587852287,7
609313167805251583,13
608819003917336575,10
608801806683734015,11
608796525367132159,1
608818984808087551,10
608802372830887935,3
608802377947938815,31
608796169925033983,10
608803236689739775,1
608795287997120511,5
608818999605592063,6
608797270443294719,6
608818999471374335,18
608795771734589439,2
608797269319221247,2
608801904780115967,4
609312894420516863,24
608802690943680511,3
608796173314031615,15
608818986351591423,2
608798150173392895,2
608796072113864703,178
608797014339092479,8
608818974456545279,12
608801820424273919,31
608819000092131327,19
608845318141771775,18
608796935922384895,5
608845317537791999,25
608802389842984959,2
609312253698637823,14
609312264838709247,5
608802394876149759,2
608798158243233791,17
609312242239799295,14
608819083709775871,1
608802449116889087,5
608845302153084927,8
609290389999845375,10
608802017187463167,1
608796017822793727,14
608811999479988223,7
608811996829188095,12
608803282726420479,6
608796033308164095,26
608819023076917247,4
608798165675540479,11
608795936218415103,10
609312361542582271,7
608819016114372607,12
609312345218351103,8
608798172487090175,4
609311980884328447,3
608802717938221055,14
608801830842925055,10
609312382379884543,3
608798025669672959,6
608801893723930623,135
608803303077183487,2
608802367848054783,15
608802665291317247,5
608802337934278655,16
608801840103948287,29
608796170092806143,11
608797097923182591,58
609312267254628351,13
609312360787607551,20
608807118081884159,9
608845289519841279,25
608802807763435519,1
608802013714579455,19
609312412528541695,14
608802014972870655,35
608802786489925631,7
608803232730316799,31
609312078343176191,8
608802789979586559,14
608802438094258175,2
608803267845029887,1
608803202950758399,11
608798164803125247,10
608801882013433855,4
608802942450925567,13
608845296901816319,8
608802144274874367,1
608801799888961535,3
608802806790356991,7
608802449435656191,8
608802441449701375,16
608803171980017663,3
608802029569048575,18
609312414441144319,16
608801868625215487,7
608801871376678911,3
608797099517018111,23
608802031280324607,4
608818859264180223,6
608796049313628159,37
608803278263681023,24
608802027857772543,1
608801856797278207,43
608844216281333759,7
608844348552904703,4
608795741971808255,3
608845298193661951,11
609313434244218879,1
608803356344844287,3
609313165640990719,10
608798163695828991,4
608803354633568255,6
608797280945831935,37
608801885654089727,6
609312122299482111,2
609312122014269439,10
608802243226894335,7
608798156448071679,1
609312018079416319,2
608801809384865791,11
608801824064929791,3
608802083121922047,5
608819022456160255,13
608798163561611263,6
608802784174669823,15
608818997609103359,223
608795760242196479,22
608797005178732543,3
608796161435762687,19
608802361002950655,16
608845290291593215,4
608802710371696639,22
609312429523861503,6
608802450542952447,11
608802632022097919,29
608801960983789567,3
608802432708771839,11
609313450333569023,8
608802591907774463,4
608802577714249727,67
608802432037683199,3
609313167754919935,5
608818971637972991,75
608819023899000831,30
608802376018558975,8
609313415118192639,4
609313419044061183,9
608802649705283583,6
608802991373287423,9
608801831044251647,11
608801931271340031,9
609313405790060543,3
608802712233967615,7
608802444805144575,1
608803278465007615,12
608801841714561023,5
608801815894425599,3
608819023093694463,12
608802368284262399,7
608797006101479423,13
608797099751899135,30
608797081213075455,7
608819041884176383,3
608806808894570495,1
608806808156372991,1
609313448404189183,5
608806841543032831,1
608797089316470783,2
609313417014018047,11
608795743414648831,3
608807082681958399,1
608796033727594495,1
608803218855559167,8
608807080148598783,1
608796039264075775,1
608819008195526655,4
608801828712218623,6
608819003548237823,32
608801840288497663,24
608802702838726655,12
608801828896767999,7
608845317000921087,2
608802709432172543,16
608802739178176511,3
608801962527293439,19
608797064553299967,2
608802232053268479,7
609312894454071295,3
608801906071961599,12
609312391942897663,9
608819087870525439,7
608845309535059967,12
608797006000816127,10
609313414145114111,5
608797103879094271,15
608802449083334655,7
609313454007779327,3
609312078259290111,4
608801878137896959,3
608796172978487295,18
608798013137092607,2
608802784510214143,17
608802790029918207,2
608801808042688511,11
608797092470587391,1
608798043621294079,17
608795273015066623,4
608801901357563903,13
608802208414171135,18
608798043403190271,2
608802258108284927,3
608819091007864831,36
608802453428633599,16
608797083545108479,6
608802209689239551,4
608802593400946687,1
608802017556561919,4
608796165277745151,18
608803311197356031,1
608796161838415871,24
608818987643437055,11
608844215593467903,4
609312345721667583,1
608844216482660351,7
608845472039174143,1
608802924935512063,2
608802806891020287,10
608845468901834751,1
608799919163047935,36
608803339483742207,7
608802395748564991,4
608803340658147327,6
608803278163017727,8
608797103476441087,17
608796201298427903,13
608802090369679359,5
608798166480846847,5
608802753875017727,7
608796047115812863,5
608803352335089663,5
608796938371858431,1
608803311683895295,5
608796122730725375,3
608796124442001407,5
609313170070175743,4
608802993755652095,13
608798020317741055,2
608802932049051647,3
608803336044412927,3
608797280375406591,9
608802893377568767,4
609313430821666815,3
608803200870383615,9
608807135043649535,1
608796871934083071,3
608802412827770879,48
608803207983923199,1
608797068646940671,2
608798062881538047,13
608796123183710207,6
608819092299710463,10
608845287271694335,3
609312821489958911,9
608819067687534591,63
609312033967439871,5
608845287640793087,1
608802432691994623,2
608802432004128767,1
608802584794234879,7
608801859716513791,3
608798015049695231,3
608798010083639295,13
608801886794940415,3
608797069653573631,3
608796084042465279,3
608796088589090815,1
608802144929185791,2
608803283095519231,12
608802411233935359,2
608797033951657983,2
608819079062487039,12
608802648145002495,2
608844345935659007,2
608796987394883583,3
608798051892461567,4
609311980297125887,1
608819021382418431,12
609313413859901439,6
609312343490297855,2
608796197724880895,5
608819004001222655,42
608798038571352063,3
608802450979160063,12
608802941024862207,10
608802358050160639,4
608798035954106367,13
608796123083046911,4
608819082770251775,12
608803275864539135,15
608819085823705087,3
608802373233541119,7
608801859750068223,21
608798150374719487,5
608799921478303743,1
608802709969043455,5
608844284229058559,2
608818975899385855,6
608796047703015423,6
608819020677775359,5
608796196718247935,6
608795797336621055,7
608801972761395199,9
608802342229245951,31
608802247605747711,9
608801929308405759,4
608798022096125951,15
608819023043362815,26
609312313056428031,3
609313186646065151,11
608803332219207679,11
608803316717060095,2
608795797235957759,11
608819004118663167,15
609313166278524927,11
608802759411499007,4
609313430855221247,7
608802357009973247,22
609312390953041919,4
608802998604267519,3
608802394741932031,12
608802761407987711,4
608818989539262463,1
608801825189003263,3
608802634337353727,9
609313186578956287,1
609313166093975551,4
608798062864760831,5
608802938709606399,3
608802759663157247,1
608802763068932095,1
608803356898492415,14
608798034024726527,1
608801860991582207,10
608801886174183423,1
609312897406861311,2
608818984942305279,3
609312900024107007,1
608798151482015743,2
608802781288988671,3
608802703325265919,1
608845299334512639,3
608796184907087871,7
608802657355694079,1
608818988515852287,3
608845290174152703,4
608845470009131007,3
608845317386797055,1
608845319349731327,3
608802657557020671,1
608818850842017791,1
608845472592822271,2
608801962544070655,2
608802626200403967,7
609312119850008575,15
608819079012155391,6
608802218212065279,12
608801998027882495,6
608802992379920383,3
608798034377048063,6
608844345717555199,4
608844368131915775,3
608802627207036927,13
608802411368153087,6
608802616872271871,1
608819007658655743,1
608844268475252735,4
608801868725878783,5
608796872219295743,5
608819003195916287,1
608801790611161087,79
608845332234633215,1
608798174869454847,34
608801863340392447,37
608796050974572543,4
608802790248022015,2
608802750838341631,3
608801906055184383,1
608802932820803583,1
608801792255328255,2
608803167148179455,9
608819004873637887,1
608819005460840447,1
609312283192983551,1
608798020250632191,6
608803338930094079,5
608802091913183231,3
608803340372934655,4
608796033207500799,2
608798166094970879,2
609312388235132927,2
609313416997240831,6
609312017861312511,6
608798043252195327,2
608801811331022847,6
608801861478121471,10
609313434730758143,6
608802640108716031,1
608807058791202815,4
608797284502601727,1
608802640159047679,1
608801962846060543,3
608801832218656767,1
608801831463682047,1
609312821070528511,1
608844352629768191,17
608802388702134271,2
608801807270936575,12
608803198907449343,8
608802807176232959,11
608801885318545407,2
608802807142678527,32
608795267881238527,15
608845289486286847,7
608797082605584383,16
608803248081469439,6
609313430721003519,4
608802685021323263,12
608802790852001791,6
609313434395213823,1
609313164131041279,8
608799902285168639,2
608798030635728895,6
608802453277638655,1
608807113770139647,3
608797090625093631,5
608811036635561983,10
608797101026967551,2
608798009378996223,6
609312822093938687,2
608819049568141311,3
609312834861400063,1
608801815256891391,22
608801840556933119,3
608819058812387327,1
608798043705180159,7
608802591790333951,3
608795775224250367,1
608807137358905343,1
608802797881655295,3
608802394825818111,3
608796169941811199,1
608801810475384831,12
608796523404197887,5
608796173213368319,2
608797018130743295,1
608803005029941247,2
608801878003679231,10
608796183028039679,4
608802939699462143,2
608796021077573631,2
608845318728974335,1
608802638581989375,13
608798029847199743,6
608802445711114239,3
608803251168477183,3
608802801002217471,1
608802806639362047,1
608803325541875711,21
608802802864488447,1
608802807411113983,1
608845296985702399,2
609313407836880895,1
608803000265211903,3
608803325005004799,3
608844344761253887,3
608845306229948415,1
608801874010701823,1
608801839197978623,6
608802779510603775,1
608796939495931903,2
609313165221560319,5
608801955464085503,3
609312833418559487,3
608798164014596095,5
608802647960453119,50
608819015191625727,2
608798145609990143,2
608798020133191679,3
608801819853848575,28
608844374406594559,7
608796042569187327,2
608796026815381503,3
608796139189174271,2
608807097479462911,3
608807123853246463,1
608807080702246911,1
608802247723188223,1
608844284212281343,6
608802374156287999,1
608796911679307775,8
608802210058338303,7
608845305743409151,2
608803247863365631,2
608807058522767359,1
609312136157462527,1
609312268110266367,3
608802081746190335,5
608796524427608063,2
608802390346301439,3
609312890997964799,1
608796015490760703,3
608819012389830655,9
608801820441051135,10
608802388635025407,1
608802344175403007,2
608795915364335615,2
608802350013874175,6
608801838963097599,6
609312386104426495,4
608796051427557375,2
609313409011286015,5
608798150341165055,3
608802449318215679,2
608798060868272127,3
608802351825813503,8
608802389390000127,1
608801789621305343,8
608802382796554239,2
608802704717774847,6
608803246336638975,6
608802028260425727,2
608801900485148671,11
608799898459963391,5
608802655258542079,3
608818991267315711,36
608797102268481535,1
608801947008368639,1
608797278378917887,1
609312894571511807,5
608797283881844735,1
608802786523480063,7
609312380165292031,12
608802790667452415,7
609312116175798271,4
608795772372123647,13
609312410850820095,8
608801961369665535,4
608802717434904575,2
608819024184213503,2
608802661432557567,5
608797058949709823,1
608818967527555071,5
608802417810604031,1
608801819115651071,2
609313414078005247,1
608798165373550591,4
609313449108832255,1
608802392997101567,1
608801899830837247,3
608801899159748607,5
609312857342869503,2
608802758807519231,1
608802758874628095,3
608802804256997375,1
608801899008753663,1
609312417880473599,2
609312421437243391,2
609312821271855103,1
609312859070922751,1
608803240330395647,1
609312821003419647,2
608803330809921535,1
608803189243772927,8
609312825583599615,2
609312854289416191,1
609312821422850047,3
609312858047512575,1
609312121292849151,8
608845307941224447,1
608802721193000959,3
608802368703692799,2
608798044074278911,1
608802369710325759,3
609313166060421119,3
609313441525530623,3
609313408440860671,3
608802411905023999,2
608801944844107775,1
608795883537956863,14
608801819602190335,3
609290387701366783,1
608802372562452479,1
608803007982731263,1
608803009056473087,1
608803262056890367,2
608803005852024831,1
608803199108775935,4
608819037622763519,26
608818927547449343,2
608803003134115839,4
608801946991591423,4
609312420044734463,3
608798021223710719,4
608801805895204863,4
608796132109189119,6
608801832923299839,1
608802412324454399,3
608797055158059007,1
608802350550745087,1
608845298076221439,4
608818986284482559,1
609312899722117119,1
608797064586854399,3
608801868323225599,2
608798178308784127,1
608801954105131007,42
608796167660109823,3
609312102787579903,2
608803233166524415,2
608796197188009983,1
608803356445507583,2
608796185360072703,1
608797076481900543,1
609290420685373439,1
608796135229751295,5
608818855975845887,3
608802441432924159,4
608807122259410943,1
608818858425319423,3
608795267847684095,6
608796524192727039,1
608795778948792319,1
608795787555504127,1
608818850892349439,1
608803356495839231,2
608802150767656959,2
608802455878107135,1
608801899629510655,2
608797101144408063,2
608797020110454783,1
609312429188317183,1
608802393768853503,4
609312253212098559,3
608798157236600831,4
609312239320563711,2
608798054744588287,10
608803232428326911,5
608803171963240447,1
608844374540812287,1
608844362729652223,1
608796072180973567,18
608806808508694527,1
608806839647207423,1
608806851575807999,1
608796909682819071,1
608802911111086079,1
608801840271720447,9
608797063328563199,1
609312418870329343,6
608802755586293759,1
608801836278743039,1
608802161454743551,3
608801808596336639,4
609312419809853439,8
608801878087565311,4
608844348720676863,2
608801844382138367,4
608802791053328383,1
608803284890681343,1
608796980818214911,2
608803299335864319,3
608797280627064831,1
608796982009397247,5
609290431942885375,1
608795744136069119,1
609290405418106879,1
608798051389145087,1
608798057361833983,1
608802145751269375,1
608801834601021439,2
608801860035280895,4
609313419329273855,2
608796195778723839,4
608802372092690431,1
608798166413737983,2
608797007678537727,2
608803001288622079,17
608803205031133183,1
608797006017593343,5
608796173498580991,15
608803310744371199,2
608798147908468735,1
608795759722102783,1
608801792473432063,3
608802924801294335,2
608802927938633727,2
609313108715896831,2
608796196869242879,1
608802801757192191,2
608802803317473279,1
609312343473520639,1
608796127260573695,2
608798056220983295,1
608819057906417663,2
608803220331954175,6
608797284066394111,1
608802787714662399,2
608802351607709695,1
608802338253045759,2
608802382679113727,1
608803185653448703,3
608801879513628671,1
609312246635429887,3
608802146204254207,3
608803352586747903,1
608797067992629247,1
608811962955988991,1
608799919649587199,2
608812014747254783,2
608802787748216831,1
608818847436242943,2
609313452531384319,1
608801897079373823,2
609313447481442303,1
608795882162225151,1
608812014210383871,3
608796165445517311,2
608818988364857343,6
608802039283056639,1
609312422980747263,1
608802639890612223,2
608796897687109631,3
608801970278367231,1
608801811817562111,1
608798028773457919,2
608802761357656063,1
608795917797031935,1
608798191697002495,3
608796019802505215,1
608801905719640063,5
608797264839704575,1
608798016777748479,1
608802655761858559,3
608798055918993407,1
608796174538768383,2
608802721109114879,6
608819024133881855,1
608844285269245951,3
608819000293457919,3
608801965194870783,2
609313164164595711,5
609313440569229311,1
609313416124825599,1
608845314232680447,3
608802380380635135,4
609312012945588223,1
608801815793762303,3
608844368786227199,3
608796939898585087,1
608803284605468671,4
608802338756362239,5
608819082736697343,4
609312051113754623,1
609312035695493119,4
608803235582443519,2
608803277978468351,1
608803207413497855,1
608796205828276223,3
608803174916030463,2
608801807891693567,1
608803177449390079,1
608795917411155967,1
608819007239225343,1
608819037069115391,2
608801930348593151,1
608819048880275455,1
609312330236297215,1
609312332819988479,1
609312332702547967,1
609312361693577215,1
608801900149604351,2
608796180293353471,2
608845300257259519,1
608802039467606015,1
608802036783251455,1
608803002647576575,1
609312313559744511,1
608803000332320767,2
609312099063037951,1
608799919800582143,3
608798169249087487,1
609313435351515135,4
608802808149311487,1
608797068965707775,1
608796978955943935,1
608797007326216191,1
608818927513894911,2
609313416108048383,1
608796017202036735,3
608803354012811263,1
608801879916281855,10
609313406813470719,1
608802247119208447,1
608798193878040575,1
608798188828098559,1
608797082622361599,2
608798029914308607,3
609312413669392383,2
609313164231704575,2
608796015406874623,1
608802443009982463,2
608802447472721919,1
608802442993205247,2
608802443496521727,1
609312418887106559,1
608798033840177151,1
609312414290149375,8
609312120252661759,1
608802406704087039,1
608819035945041919,1
608845315574857727,1
608819081394520063,1
608802030105919487,1
608802661650661375,1
608802758086098943,1
608802151623294975,1
608802039199170559,1
608797064486191103,1
608802992396697599,2
609312263144210431,2
608802375246807039,2
608796122613284863,2
608801888506216447,1
608795884645253119,1
608803331715891199,2
608845318275989503,4
608801903756705791,2
608802584509022207,5
608811996980183039,4
608802752381845503,13
608796033878589439,1
608844328755789823,1
608845469304487935,3
608802734413447167,2
608802380581961727,1
608802380816842751,1
608844283893514239,1
608802909232037887,1
608797254219726847,1
608819037488545791,1
608798088735227903,1
608801974841769983,1
609312423265959935,1
608796912249733119,2
608807101438885887,1
608807101472440319,1
608803260916039679,2
608802940991307775,1
608801885620535295,2
608802802092736511,2
608819089044930559,2
608844330215407615,1
608802208565166079,1
608798040249073663,3
608795932577759231,1
608802443530076159,1
608796185376849919,2
608802427105181695,1
608802720974897151,2
608802687588237311,6
608806807636279295,1
608819041313751039,1
608802040507793407,2
609312073008021503,2
608796053205942271,2
608798047681380351,1
608803174949584895,1
608803167332728831,2
608803277760364543,3
608802942417371135,1
609312052724367359,4
608802788972953599,9
608802940689317887,1
609312291766140927,1
608797197915389951,1
608818999840473087,1
608797194056630271,3
608802931059195903,1
608797192496349183,3
608802150666993663,7
608802393382977535,1
608803309939064831,4
608801887650578431,1
608798018572910591,1
609312832613253119,1
608818850925903871,1
608803005113827327,1
608803270512607231,1
609313448420966399,3
608803207950368767,1
608803175788445695,1
608801901995098111,1
608802082115289087,2
608844368048029695,1
608801841160912895,1
608802943944097791,1
608803175234797567,1
609312825147391999,1
608802641568333823,1
608803289185648639,1
609312834123202559,1
609312823520002047,2
608801875017334783,1
609312121544507391,1
608802924264423423,2
608819045961039871,1
608819046481133567,1
609312014254211071,1
608802436953407487,1
609312825331941375,1
608819048561508351,1
609312868331945983,1
608801968164438015,1
609312892340142079,1
608802143972884479,1
608807110632800255,1
608807110465028095,1
608796872336736255,5
608798025535455231,1
608803205903548415,1
608807059193855999,1
609312076766117887,1
608798159635742719,1
608802146674016255,2
608802358268264447,1
608796935855276031,1
608810914329657343,3
608796918608297983,1
609312077789528063,1
609312395281563647,1
608845436706357247,1
608845434307215359,1
609313445182963711,1
608801979572944895,4
608819059349258239,1
608802708610088959,1
608802921546514431,1
608796989324263423,1
608797009675026431,1
608797019976237055,1
608802451415367679,1
608802358217932799,1
608844330248962047,1
608844371403472895,1
608801874648236031,3
608844343721066495,1
609290387617480703,1
608803319585964031,1
609312335605006335,1
608802789761482751,3
608818851060121599,1
608798193525719039,1
608819015057407999,1
608802088473853951,1
608802785734950911,1
608845319836270591,1
